/*
Navicat MySQL Data Transfer

Source Server         : mysql
Source Server Version : 50532
Source Host           : localhost:3306
Source Database       : test

Target Server Type    : MYSQL
Target Server Version : 50532
File Encoding         : 65001

Date: 2014-05-10 23:40:45
*/

SET FOREIGN_KEY_CHECKS=0;

-- ----------------------------
-- Table structure for `admin`
-- ----------------------------
DROP TABLE IF EXISTS `admin`;
CREATE TABLE `admin` (
  `ADMIN_ID` int(8) NOT NULL AUTO_INCREMENT,
  `ADMIN_CODE` varchar(20) NOT NULL,
  `ADMIN_PWD` varchar(20) NOT NULL,
  `ADMIN_NAME` varchar(20) DEFAULT NULL,
  `REMARK` varchar(200) DEFAULT NULL,
  PRIMARY KEY (`ADMIN_ID`)
) ENGINE=InnoDB AUTO_INCREMENT=2 DEFAULT CHARSET=utf8;

-- ----------------------------
-- Records of admin
-- ----------------------------
INSERT INTO `admin` VALUES ('1', 'S001', '1', 'fangwei', null);

-- ----------------------------
-- Table structure for `distance`
-- ----------------------------
DROP TABLE IF EXISTS `distance`;
CREATE TABLE `distance` (
  `num_s` char(15) NOT NULL,
  `num_e` char(15) NOT NULL,
  `distance` double(10,3) NOT NULL,
  PRIMARY KEY (`num_s`,`num_e`)
) ENGINE=InnoDB DEFAULT CHARSET=utf8;

-- ----------------------------
-- Records of distance
-- ----------------------------
INSERT INTO `distance` VALUES ('100010000000', '100010009700', '191.114');
INSERT INTO `distance` VALUES ('100010000000', '100350000002', '318.033');
INSERT INTO `distance` VALUES ('100010000000', '100420000011', '318.670');
INSERT INTO `distance` VALUES ('100010000000', '100500000010', '445.542');
INSERT INTO `distance` VALUES ('100010000000', '100500000011', '414.202');
INSERT INTO `distance` VALUES ('100010000000', '101041649001', '239.340');
INSERT INTO `distance` VALUES ('100010000000', '101041794960', '342.919');
INSERT INTO `distance` VALUES ('100010000000', '101041995400', '494.604');
INSERT INTO `distance` VALUES ('100010000000', '103200361700', '299.255');
INSERT INTO `distance` VALUES ('100010000000', '103201421250', '149.152');
INSERT INTO `distance` VALUES ('100010000000', '103300000003', '355.382');
INSERT INTO `distance` VALUES ('100010000000', '103300000004', '393.250');
INSERT INTO `distance` VALUES ('100010000000', '103300000005', '396.867');
INSERT INTO `distance` VALUES ('100010000000', '103300000006', '429.676');
INSERT INTO `distance` VALUES ('100010000000', '103300000010', '346.579');
INSERT INTO `distance` VALUES ('100010000000', '103300169280', '338.939');
INSERT INTO `distance` VALUES ('100010000000', '200010019400', '114.589');
INSERT INTO `distance` VALUES ('100010000000', '200020097000', '273.627');
INSERT INTO `distance` VALUES ('100010000000', '200030032001', '154.874');
INSERT INTO `distance` VALUES ('100010000000', '200110068100', '209.404');
INSERT INTO `distance` VALUES ('100010000000', '200160090650', '248.956');
INSERT INTO `distance` VALUES ('100010000000', '200170037550', '440.825');
INSERT INTO `distance` VALUES ('100010000000', '200370010500', '242.939');
INSERT INTO `distance` VALUES ('100010000000', '200420000001', '326.044');
INSERT INTO `distance` VALUES ('100010000000', '200490000001', '394.015');
INSERT INTO `distance` VALUES ('100010000000', '200490013100', '431.431');
INSERT INTO `distance` VALUES ('100010000000', '200500037100', '389.359');
INSERT INTO `distance` VALUES ('100010000000', '200520000001', '499.995');
INSERT INTO `distance` VALUES ('100010000000', '200520097001', '560.866');
INSERT INTO `distance` VALUES ('100010000000', '200560087350', '511.560');
INSERT INTO `distance` VALUES ('100010000000', '330382005800', '382.836');
INSERT INTO `distance` VALUES ('100010000000', '330421000002', '48.292');
INSERT INTO `distance` VALUES ('100010000000', '330421000003', '67.163');
INSERT INTO `distance` VALUES ('100010000000', '330482000001', '0.004');
INSERT INTO `distance` VALUES ('100010000000', '330482000003', '16.683');
INSERT INTO `distance` VALUES ('100010000000', '330503000001', '142.740');
INSERT INTO `distance` VALUES ('100010000000', '330522000001', '192.311');
INSERT INTO `distance` VALUES ('100010000000', '339906000002', '46.257');
INSERT INTO `distance` VALUES ('100010000000', '600050000001', '447.779');
INSERT INTO `distance` VALUES ('100010000000', '600110000009', '430.014');
INSERT INTO `distance` VALUES ('100010000000', '600140000001', '447.499');
INSERT INTO `distance` VALUES ('100010009700', '100500000011', '370.868');
INSERT INTO `distance` VALUES ('100010009700', '101041649001', '288.367');
INSERT INTO `distance` VALUES ('100010009700', '103300000003', '359.696');
INSERT INTO `distance` VALUES ('100010009700', '103300000010', '350.893');
INSERT INTO `distance` VALUES ('100010009700', '200370010500', '249.689');
INSERT INTO `distance` VALUES ('100010009700', '200500037100', '346.025');
INSERT INTO `distance` VALUES ('100010009700', '330382005800', '435.350');
INSERT INTO `distance` VALUES ('100010009700', '600110000009', '386.680');
INSERT INTO `distance` VALUES ('100350000002', '100010009700', '322.696');
INSERT INTO `distance` VALUES ('100350000002', '100500000010', '126.082');
INSERT INTO `distance` VALUES ('100350000002', '100500000011', '158.051');
INSERT INTO `distance` VALUES ('100350000002', '101041649001', '155.573');
INSERT INTO `distance` VALUES ('100350000002', '101041995400', '237.098');
INSERT INTO `distance` VALUES ('100350000002', '103200361700', '149.897');
INSERT INTO `distance` VALUES ('100350000002', '103300000003', '32.366');
INSERT INTO `distance` VALUES ('100350000002', '103300000010', '39.703');
INSERT INTO `distance` VALUES ('100350000002', '200030032001', '179.145');
INSERT INTO `distance` VALUES ('100350000002', '200110068100', '293.547');
INSERT INTO `distance` VALUES ('100350000002', '200160090650', '304.846');
INSERT INTO `distance` VALUES ('100350000002', '200370010500', '126.847');
INSERT INTO `distance` VALUES ('100350000002', '200500037100', '184.635');
INSERT INTO `distance` VALUES ('100350000002', '330382005800', '171.398');
INSERT INTO `distance` VALUES ('100350000002', '330421000002', '301.908');
INSERT INTO `distance` VALUES ('100350000002', '330503000001', '303.931');
INSERT INTO `distance` VALUES ('100350000002', '339906000002', '299.872');
INSERT INTO `distance` VALUES ('100350000002', '600050000001', '143.075');
INSERT INTO `distance` VALUES ('100350000002', '600110000009', '145.701');
INSERT INTO `distance` VALUES ('100420000011', '100010009700', '323.333');
INSERT INTO `distance` VALUES ('100420000011', '100350000002', '1.433');
INSERT INTO `distance` VALUES ('100420000011', '100500000010', '126.719');
INSERT INTO `distance` VALUES ('100420000011', '100500000011', '158.689');
INSERT INTO `distance` VALUES ('100420000011', '101041649001', '156.210');
INSERT INTO `distance` VALUES ('100420000011', '101041995400', '237.736');
INSERT INTO `distance` VALUES ('100420000011', '103200361700', '150.534');
INSERT INTO `distance` VALUES ('100420000011', '103300000003', '33.004');
INSERT INTO `distance` VALUES ('100420000011', '103300000010', '40.340');
INSERT INTO `distance` VALUES ('100420000011', '200030032001', '179.782');
INSERT INTO `distance` VALUES ('100420000011', '200110068100', '294.184');
INSERT INTO `distance` VALUES ('100420000011', '200160090650', '305.484');
INSERT INTO `distance` VALUES ('100420000011', '200370010500', '127.485');
INSERT INTO `distance` VALUES ('100420000011', '200500037100', '185.273');
INSERT INTO `distance` VALUES ('100420000011', '330382005800', '172.035');
INSERT INTO `distance` VALUES ('100420000011', '330421000002', '302.545');
INSERT INTO `distance` VALUES ('100420000011', '330503000001', '304.568');
INSERT INTO `distance` VALUES ('100420000011', '339906000002', '300.510');
INSERT INTO `distance` VALUES ('100420000011', '600050000001', '143.712');
INSERT INTO `distance` VALUES ('100420000011', '600110000009', '146.339');
INSERT INTO `distance` VALUES ('100440000001', '100010000000', '423.712');
INSERT INTO `distance` VALUES ('100440000001', '100010009700', '390.284');
INSERT INTO `distance` VALUES ('100440000001', '100350000002', '154.221');
INSERT INTO `distance` VALUES ('100440000001', '100420000011', '154.859');
INSERT INTO `distance` VALUES ('100440000001', '100500000008', '32.434');
INSERT INTO `distance` VALUES ('100440000001', '100500000010', '25.606');
INSERT INTO `distance` VALUES ('100440000001', '100500000011', '18.770');
INSERT INTO `distance` VALUES ('100440000001', '100510000005', '42.397');
INSERT INTO `distance` VALUES ('100440000001', '101041649001', '275.052');
INSERT INTO `distance` VALUES ('100440000001', '101041794960', '258.934');
INSERT INTO `distance` VALUES ('100440000001', '101041995400', '261.436');
INSERT INTO `distance` VALUES ('100440000001', '103200087200', '415.351');
INSERT INTO `distance` VALUES ('100440000001', '103200361700', '133.753');
INSERT INTO `distance` VALUES ('100440000001', '103200495800', '155.683');
INSERT INTO `distance` VALUES ('100440000001', '103201421250', '300.516');
INSERT INTO `distance` VALUES ('100440000001', '103300000002', '78.256');
INSERT INTO `distance` VALUES ('100440000001', '103300000003', '112.364');
INSERT INTO `distance` VALUES ('100440000001', '103300000004', '86.459');
INSERT INTO `distance` VALUES ('100440000001', '103300000005', '76.365');
INSERT INTO `distance` VALUES ('100440000001', '103300000006', '109.174');
INSERT INTO `distance` VALUES ('100440000001', '103300000010', '128.425');
INSERT INTO `distance` VALUES ('100440000001', '103300041001', '161.343');
INSERT INTO `distance` VALUES ('100440000001', '103300169280', '128.868');
INSERT INTO `distance` VALUES ('100440000001', '200010019400', '325.640');
INSERT INTO `distance` VALUES ('100440000001', '200020097000', '339.960');
INSERT INTO `distance` VALUES ('100440000001', '200030032001', '282.758');
INSERT INTO `distance` VALUES ('100440000001', '200030053800', '211.523');
INSERT INTO `distance` VALUES ('100440000001', '200070000000', '389.584');
INSERT INTO `distance` VALUES ('100440000001', '200090031600', '321.833');
INSERT INTO `distance` VALUES ('100440000001', '200110068100', '360.768');
INSERT INTO `distance` VALUES ('100440000001', '200160090650', '292.605');
INSERT INTO `distance` VALUES ('100440000001', '200170037550', '194.892');
INSERT INTO `distance` VALUES ('100440000001', '200180030200', '326.869');
INSERT INTO `distance` VALUES ('100440000001', '200370010500', '214.716');
INSERT INTO `distance` VALUES ('100440000001', '200410111850', '206.147');
INSERT INTO `distance` VALUES ('100440000001', '200420000001', '138.701');
INSERT INTO `distance` VALUES ('100440000001', '200490000001', '87.224');
INSERT INTO `distance` VALUES ('100440000001', '200490013100', '148.435');
INSERT INTO `distance` VALUES ('100440000001', '200500037100', '49.091');
INSERT INTO `distance` VALUES ('100440000001', '200520000001', '133.670');
INSERT INTO `distance` VALUES ('100440000001', '200520097001', '173.415');
INSERT INTO `distance` VALUES ('100440000001', '200530000001', '155.781');
INSERT INTO `distance` VALUES ('100440000001', '200530168400', '167.305');
INSERT INTO `distance` VALUES ('100440000001', '200560087350', '190.299');
INSERT INTO `distance` VALUES ('100440000001', '330382005800', '214.635');
INSERT INTO `distance` VALUES ('100440000001', '330382022900', '209.496');
INSERT INTO `distance` VALUES ('100440000001', '330421000002', '415.351');
INSERT INTO `distance` VALUES ('100440000001', '330421000003', '420.329');
INSERT INTO `distance` VALUES ('100440000001', '330482000001', '423.708');
INSERT INTO `distance` VALUES ('100440000001', '330482000002', '420.478');
INSERT INTO `distance` VALUES ('100440000001', '330482000003', '420.785');
INSERT INTO `distance` VALUES ('100440000001', '330503000001', '377.635');
INSERT INTO `distance` VALUES ('100440000001', '330522000001', '391.481');
INSERT INTO `distance` VALUES ('100440000001', '330921000002', '567.663');
INSERT INTO `distance` VALUES ('100440000001', '339906000002', '413.315');
INSERT INTO `distance` VALUES ('100440000001', '600050000001', '127.277');
INSERT INTO `distance` VALUES ('100440000001', '600070000001', '140.520');
INSERT INTO `distance` VALUES ('100440000001', '600110000009', '9.515');
INSERT INTO `distance` VALUES ('100440000001', '600120000001', '82.420');
INSERT INTO `distance` VALUES ('100440000001', '600120000002', '82.817');
INSERT INTO `distance` VALUES ('100440000001', '600140000001', '126.997');
INSERT INTO `distance` VALUES ('100440000001', '600150000001', '187.897');
INSERT INTO `distance` VALUES ('100440000001', '600500021001', '175.364');
INSERT INTO `distance` VALUES ('100500000008', '100010000000', '394.099');
INSERT INTO `distance` VALUES ('100500000008', '100010009700', '360.671');
INSERT INTO `distance` VALUES ('100500000008', '100350000002', '168.676');
INSERT INTO `distance` VALUES ('100500000008', '100420000011', '169.313');
INSERT INTO `distance` VALUES ('100500000008', '100500000010', '46.281');
INSERT INTO `distance` VALUES ('100500000008', '100500000011', '11.469');
INSERT INTO `distance` VALUES ('100500000008', '100510000005', '14.183');
INSERT INTO `distance` VALUES ('100500000008', '101041649001', '301.064');
INSERT INTO `distance` VALUES ('100500000008', '101041794960', '273.389');
INSERT INTO `distance` VALUES ('100500000008', '101041995400', '275.890');
INSERT INTO `distance` VALUES ('100500000008', '103200087200', '385.738');
INSERT INTO `distance` VALUES ('100500000008', '103200361700', '104.140');
INSERT INTO `distance` VALUES ('100500000008', '103200495800', '126.070');
INSERT INTO `distance` VALUES ('100500000008', '103201421250', '270.903');
INSERT INTO `distance` VALUES ('100500000008', '103300000002', '92.711');
INSERT INTO `distance` VALUES ('100500000008', '103300000003', '126.818');
INSERT INTO `distance` VALUES ('100500000008', '103300000004', '100.914');
INSERT INTO `distance` VALUES ('100500000008', '103300000005', '90.819');
INSERT INTO `distance` VALUES ('100500000008', '103300000006', '123.629');
INSERT INTO `distance` VALUES ('100500000008', '103300000010', '142.879');
INSERT INTO `distance` VALUES ('100500000008', '103300041001', '175.798');
INSERT INTO `distance` VALUES ('100500000008', '103300169280', '143.323');
INSERT INTO `distance` VALUES ('100500000008', '200010019400', '296.027');
INSERT INTO `distance` VALUES ('100500000008', '200020097000', '310.347');
INSERT INTO `distance` VALUES ('100500000008', '200030032001', '253.145');
INSERT INTO `distance` VALUES ('100500000008', '200030053800', '237.271');
INSERT INTO `distance` VALUES ('100500000008', '200070000000', '359.971');
INSERT INTO `distance` VALUES ('100500000008', '200090031600', '292.220');
INSERT INTO `distance` VALUES ('100500000008', '200110068100', '331.155');
INSERT INTO `distance` VALUES ('100500000008', '200160090650', '262.992');
INSERT INTO `distance` VALUES ('100500000008', '200170037550', '165.279');
INSERT INTO `distance` VALUES ('100500000008', '200180030200', '297.256');
INSERT INTO `distance` VALUES ('100500000008', '200370010500', '240.728');
INSERT INTO `distance` VALUES ('100500000008', '200410111850', '220.602');
INSERT INTO `distance` VALUES ('100500000008', '200420000001', '153.156');
INSERT INTO `distance` VALUES ('100500000008', '200490000001', '101.679');
INSERT INTO `distance` VALUES ('100500000008', '200490013100', '162.890');
INSERT INTO `distance` VALUES ('100500000008', '200500037100', '19.477');
INSERT INTO `distance` VALUES ('100500000008', '200520000001', '148.125');
INSERT INTO `distance` VALUES ('100500000008', '200520097001', '187.870');
INSERT INTO `distance` VALUES ('100500000008', '200530000001', '170.236');
INSERT INTO `distance` VALUES ('100500000008', '200530168400', '181.760');
INSERT INTO `distance` VALUES ('100500000008', '200560087350', '204.753');
INSERT INTO `distance` VALUES ('100500000008', '330382005800', '229.090');
INSERT INTO `distance` VALUES ('100500000008', '330382022900', '223.951');
INSERT INTO `distance` VALUES ('100500000008', '330421000002', '385.738');
INSERT INTO `distance` VALUES ('100500000008', '330421000003', '390.716');
INSERT INTO `distance` VALUES ('100500000008', '330482000001', '394.095');
INSERT INTO `distance` VALUES ('100500000008', '330482000002', '390.865');
INSERT INTO `distance` VALUES ('100500000008', '330482000003', '391.172');
INSERT INTO `distance` VALUES ('100500000008', '330503000001', '348.022');
INSERT INTO `distance` VALUES ('100500000008', '330522000001', '361.868');
INSERT INTO `distance` VALUES ('100500000008', '330921000002', '538.050');
INSERT INTO `distance` VALUES ('100500000008', '339906000002', '383.702');
INSERT INTO `distance` VALUES ('100500000008', '600050000001', '141.732');
INSERT INTO `distance` VALUES ('100500000008', '600070000001', '154.974');
INSERT INTO `distance` VALUES ('100500000008', '600110000009', '30.752');
INSERT INTO `distance` VALUES ('100500000008', '600120000002', '97.272');
INSERT INTO `distance` VALUES ('100500000008', '600140000001', '141.452');
INSERT INTO `distance` VALUES ('100500000008', '600150000001', '202.351');
INSERT INTO `distance` VALUES ('100500000008', '600500021001', '189.818');
INSERT INTO `distance` VALUES ('100500000010', '100010009700', '403.386');
INSERT INTO `distance` VALUES ('100500000010', '100500000011', '35.608');
INSERT INTO `distance` VALUES ('100500000010', '101041649001', '269.232');
INSERT INTO `distance` VALUES ('100500000010', '101041995400', '233.883');
INSERT INTO `distance` VALUES ('100500000010', '103200361700', '146.855');
INSERT INTO `distance` VALUES ('100500000010', '103300000003', '84.811');
INSERT INTO `distance` VALUES ('100500000010', '103300000010', '100.872');
INSERT INTO `distance` VALUES ('100500000010', '200030032001', '295.860');
INSERT INTO `distance` VALUES ('100500000010', '200110068100', '373.870');
INSERT INTO `distance` VALUES ('100500000010', '200160090650', '305.707');
INSERT INTO `distance` VALUES ('100500000010', '200370010500', '277.134');
INSERT INTO `distance` VALUES ('100500000010', '200500037100', '62.192');
INSERT INTO `distance` VALUES ('100500000010', '330382005800', '187.082');
INSERT INTO `distance` VALUES ('100500000010', '330421000002', '428.452');
INSERT INTO `distance` VALUES ('100500000010', '330503000001', '390.736');
INSERT INTO `distance` VALUES ('100500000010', '339906000002', '426.417');
INSERT INTO `distance` VALUES ('100500000010', '600110000009', '23.258');
INSERT INTO `distance` VALUES ('100500000011', '101041649001', '312.173');
INSERT INTO `distance` VALUES ('100500000011', '330382005800', '219.229');
INSERT INTO `distance` VALUES ('100500000011', '600110000009', '15.089');
INSERT INTO `distance` VALUES ('100510000005', '100010000000', '394.883');
INSERT INTO `distance` VALUES ('100510000005', '100010009700', '361.456');
INSERT INTO `distance` VALUES ('100510000005', '100350000002', '182.808');
INSERT INTO `distance` VALUES ('100510000005', '100420000011', '183.446');
INSERT INTO `distance` VALUES ('100510000005', '100500000010', '60.414');
INSERT INTO `distance` VALUES ('100510000005', '100500000011', '25.297');
INSERT INTO `distance` VALUES ('100510000005', '101041649001', '301.848');
INSERT INTO `distance` VALUES ('100510000005', '101041794960', '287.522');
INSERT INTO `distance` VALUES ('100510000005', '101041995400', '290.023');
INSERT INTO `distance` VALUES ('100510000005', '103200087200', '386.522');
INSERT INTO `distance` VALUES ('100510000005', '103200361700', '104.924');
INSERT INTO `distance` VALUES ('100510000005', '103201421250', '271.687');
INSERT INTO `distance` VALUES ('100510000005', '103300000003', '140.951');
INSERT INTO `distance` VALUES ('100510000005', '103300000004', '115.047');
INSERT INTO `distance` VALUES ('100510000005', '103300000005', '104.952');
INSERT INTO `distance` VALUES ('100510000005', '103300000006', '137.762');
INSERT INTO `distance` VALUES ('100510000005', '103300000010', '157.012');
INSERT INTO `distance` VALUES ('100510000005', '103300041001', '189.931');
INSERT INTO `distance` VALUES ('100510000005', '103300169280', '157.456');
INSERT INTO `distance` VALUES ('100510000005', '200010019400', '296.811');
INSERT INTO `distance` VALUES ('100510000005', '200020097000', '311.131');
INSERT INTO `distance` VALUES ('100510000005', '200030032001', '253.930');
INSERT INTO `distance` VALUES ('100510000005', '200110068100', '331.940');
INSERT INTO `distance` VALUES ('100510000005', '200160090650', '263.776');
INSERT INTO `distance` VALUES ('100510000005', '200170037550', '166.064');
INSERT INTO `distance` VALUES ('100510000005', '200370010500', '241.512');
INSERT INTO `distance` VALUES ('100510000005', '200410111850', '234.735');
INSERT INTO `distance` VALUES ('100510000005', '200420000001', '167.289');
INSERT INTO `distance` VALUES ('100510000005', '200490000001', '115.811');
INSERT INTO `distance` VALUES ('100510000005', '200490013100', '177.023');
INSERT INTO `distance` VALUES ('100510000005', '200500037100', '20.262');
INSERT INTO `distance` VALUES ('100510000005', '200520000001', '162.258');
INSERT INTO `distance` VALUES ('100510000005', '200520097001', '202.002');
INSERT INTO `distance` VALUES ('100510000005', '200560087350', '218.886');
INSERT INTO `distance` VALUES ('100510000005', '330382005800', '243.223');
INSERT INTO `distance` VALUES ('100510000005', '330421000002', '386.522');
INSERT INTO `distance` VALUES ('100510000005', '330421000003', '391.500');
INSERT INTO `distance` VALUES ('100510000005', '330482000001', '394.879');
INSERT INTO `distance` VALUES ('100510000005', '330482000003', '391.956');
INSERT INTO `distance` VALUES ('100510000005', '330503000001', '348.806');
INSERT INTO `distance` VALUES ('100510000005', '330522000001', '362.652');
INSERT INTO `distance` VALUES ('100510000005', '339906000002', '384.487');
INSERT INTO `distance` VALUES ('100510000005', '600050000001', '155.865');
INSERT INTO `distance` VALUES ('100510000005', '600110000009', '44.885');
INSERT INTO `distance` VALUES ('100510000005', '600140000001', '155.584');
INSERT INTO `distance` VALUES ('100510000005', '600150000001', '216.484');
INSERT INTO `distance` VALUES ('100510000005', '600500021001', '203.951');
INSERT INTO `distance` VALUES ('101041488001', '100010000000', '140.390');
INSERT INTO `distance` VALUES ('101041488001', '100010009700', '146.368');
INSERT INTO `distance` VALUES ('101041488001', '100350000002', '196.921');
INSERT INTO `distance` VALUES ('101041488001', '100420000011', '197.558');
INSERT INTO `distance` VALUES ('101041488001', '100440000001', '304.820');
INSERT INTO `distance` VALUES ('101041488001', '100500000008', '274.913');
INSERT INTO `distance` VALUES ('101041488001', '100500000010', '317.722');
INSERT INTO `distance` VALUES ('101041488001', '100500000011', '286.382');
INSERT INTO `distance` VALUES ('101041488001', '100510000005', '275.316');
INSERT INTO `distance` VALUES ('101041488001', '101041649001', '154.296');
INSERT INTO `distance` VALUES ('101041488001', '101041794960', '261.363');
INSERT INTO `distance` VALUES ('101041488001', '101041995400', '384.826');
INSERT INTO `distance` VALUES ('101041488001', '103200087200', '125.580');
INSERT INTO `distance` VALUES ('101041488001', '103200361700', '171.435');
INSERT INTO `distance` VALUES ('101041488001', '103200495800', '273.796');
INSERT INTO `distance` VALUES ('101041488001', '103201421250', '68.298');
INSERT INTO `distance` VALUES ('101041488001', '103300000002', '271.872');
INSERT INTO `distance` VALUES ('101041488001', '103300000003', '234.270');
INSERT INTO `distance` VALUES ('101041488001', '103300000004', '272.138');
INSERT INTO `distance` VALUES ('101041488001', '103300000005', '275.755');
INSERT INTO `distance` VALUES ('101041488001', '103300000006', '308.564');
INSERT INTO `distance` VALUES ('101041488001', '103300000007', '319.366');
INSERT INTO `distance` VALUES ('101041488001', '103300000010', '225.467');
INSERT INTO `distance` VALUES ('101041488001', '103300041001', '321.007');
INSERT INTO `distance` VALUES ('101041488001', '103300169280', '217.827');
INSERT INTO `distance` VALUES ('101041488001', '200010019400', '45.273');
INSERT INTO `distance` VALUES ('101041488001', '200020097000', '175.200');
INSERT INTO `distance` VALUES ('101041488001', '200030032001', '33.762');
INSERT INTO `distance` VALUES ('101041488001', '200030053800', '54.553');
INSERT INTO `distance` VALUES ('101041488001', '200070000000', '122.419');
INSERT INTO `distance` VALUES ('101041488001', '200090031600', '71.801');
INSERT INTO `distance` VALUES ('101041488001', '200110068100', '128.551');
INSERT INTO `distance` VALUES ('101041488001', '200160090650', '150.530');
INSERT INTO `distance` VALUES ('101041488001', '200170037550', '313.005');
INSERT INTO `distance` VALUES ('101041488001', '200180030200', '184.141');
INSERT INTO `distance` VALUES ('101041488001', '200370010500', '115.618');
INSERT INTO `distance` VALUES ('101041488001', '200410111850', '261.710');
INSERT INTO `distance` VALUES ('101041488001', '200420000001', '204.932');
INSERT INTO `distance` VALUES ('101041488001', '200420000005', '230.527');
INSERT INTO `distance` VALUES ('101041488001', '200490000001', '272.903');
INSERT INTO `distance` VALUES ('101041488001', '200490000002', '321.718');
INSERT INTO `distance` VALUES ('101041488001', '200490013100', '310.319');
INSERT INTO `distance` VALUES ('101041488001', '200500037100', '261.539');
INSERT INTO `distance` VALUES ('101041488001', '200520000001', '378.883');
INSERT INTO `distance` VALUES ('101041488001', '200520097001', '418.628');
INSERT INTO `distance` VALUES ('101041488001', '200530000001', '400.994');
INSERT INTO `distance` VALUES ('101041488001', '200530168400', '412.517');
INSERT INTO `distance` VALUES ('101041488001', '200540000000', '448.478');
INSERT INTO `distance` VALUES ('101041488001', '200550000000', '459.450');
INSERT INTO `distance` VALUES ('101041488001', '200560087350', '401.781');
INSERT INTO `distance` VALUES ('101041488001', '330382005800', '301.279');
INSERT INTO `distance` VALUES ('101041488001', '330382022900', '307.037');
INSERT INTO `distance` VALUES ('101041488001', '330421000002', '125.580');
INSERT INTO `distance` VALUES ('101041488001', '330421000003', '144.661');
INSERT INTO `distance` VALUES ('101041488001', '330482000001', '140.386');
INSERT INTO `distance` VALUES ('101041488001', '330482000002', '137.156');
INSERT INTO `distance` VALUES ('101041488001', '330482000003', '137.463');
INSERT INTO `distance` VALUES ('101041488001', '330503000001', '127.603');
INSERT INTO `distance` VALUES ('101041488001', '330522000001', '147.565');
INSERT INTO `distance` VALUES ('101041488001', '330921000002', '277.892');
INSERT INTO `distance` VALUES ('101041488001', '339906000002', '123.544');
INSERT INTO `distance` VALUES ('101041488001', '600040000001', '273.867');
INSERT INTO `distance` VALUES ('101041488001', '600040000002', '271.197');
INSERT INTO `distance` VALUES ('101041488001', '600050000001', '326.667');
INSERT INTO `distance` VALUES ('101041488001', '600060000001', '270.665');
INSERT INTO `distance` VALUES ('101041488001', '600070000001', '237.562');
INSERT INTO `distance` VALUES ('101041488001', '600080000001', '232.196');
INSERT INTO `distance` VALUES ('101041488001', '600090000001', '375.899');
INSERT INTO `distance` VALUES ('101041488001', '600110000001', '370.683');
INSERT INTO `distance` VALUES ('101041488001', '600110000009', '302.193');
INSERT INTO `distance` VALUES ('101041488001', '600120000001', '268.099');
INSERT INTO `distance` VALUES ('101041488001', '600120000002', '268.496');
INSERT INTO `distance` VALUES ('101041488001', '600140000001', '326.387');
INSERT INTO `distance` VALUES ('101041488001', '600150000001', '433.109');
INSERT INTO `distance` VALUES ('101041488001', '600500021001', '374.754');
INSERT INTO `distance` VALUES ('101041649001', '330382005800', '164.475');
INSERT INTO `distance` VALUES ('101041794960', '100010009700', '395.924');
INSERT INTO `distance` VALUES ('101041794960', '100350000002', '159.125');
INSERT INTO `distance` VALUES ('101041794960', '100420000011', '159.762');
INSERT INTO `distance` VALUES ('101041794960', '100500000010', '226.792');
INSERT INTO `distance` VALUES ('101041794960', '100500000011', '258.761');
INSERT INTO `distance` VALUES ('101041794960', '101041649001', '124.385');
INSERT INTO `distance` VALUES ('101041794960', '101041995400', '158.817');
INSERT INTO `distance` VALUES ('101041794960', '103200361700', '296.789');
INSERT INTO `distance` VALUES ('101041794960', '103300000003', '195.399');
INSERT INTO `distance` VALUES ('101041794960', '103300000004', '201.981');
INSERT INTO `distance` VALUES ('101041794960', '103300000005', '180.222');
INSERT INTO `distance` VALUES ('101041794960', '103300000006', '147.852');
INSERT INTO `distance` VALUES ('101041794960', '103300000010', '186.595');
INSERT INTO `distance` VALUES ('101041794960', '103300169280', '177.323');
INSERT INTO `distance` VALUES ('101041794960', '200010019400', '294.828');
INSERT INTO `distance` VALUES ('101041794960', '200020097000', '442.329');
INSERT INTO `distance` VALUES ('101041794960', '200030032001', '294.852');
INSERT INTO `distance` VALUES ('101041794960', '200110068100', '378.106');
INSERT INTO `distance` VALUES ('101041794960', '200160090650', '417.658');
INSERT INTO `distance` VALUES ('101041794960', '200170037550', '393.307');
INSERT INTO `distance` VALUES ('101041794960', '200370010500', '172.836');
INSERT INTO `distance` VALUES ('101041794960', '200420000001', '167.136');
INSERT INTO `distance` VALUES ('101041794960', '200490000001', '202.746');
INSERT INTO `distance` VALUES ('101041794960', '200500037100', '285.345');
INSERT INTO `distance` VALUES ('101041794960', '200520000001', '232.787');
INSERT INTO `distance` VALUES ('101041794960', '200520097001', '225.078');
INSERT INTO `distance` VALUES ('101041794960', '330382005800', '44.606');
INSERT INTO `distance` VALUES ('101041794960', '330421000002', '345.640');
INSERT INTO `distance` VALUES ('101041794960', '330503000001', '377.159');
INSERT INTO `distance` VALUES ('101041794960', '339906000002', '343.605');
INSERT INTO `distance` VALUES ('101041794960', '600050000001', '132.101');
INSERT INTO `distance` VALUES ('101041794960', '600110000009', '246.411');
INSERT INTO `distance` VALUES ('101041794960', '600140000001', '132.985');
INSERT INTO `distance` VALUES ('101041995400', '100010009700', '511.987');
INSERT INTO `distance` VALUES ('101041995400', '100500000011', '267.791');
INSERT INTO `distance` VALUES ('101041995400', '101041649001', '277.167');
INSERT INTO `distance` VALUES ('101041995400', '103200361700', '379.037');
INSERT INTO `distance` VALUES ('101041995400', '103300000003', '236.915');
INSERT INTO `distance` VALUES ('101041995400', '103300000010', '252.976');
INSERT INTO `distance` VALUES ('101041995400', '200030032001', '368.436');
INSERT INTO `distance` VALUES ('101041995400', '200110068100', '482.838');
INSERT INTO `distance` VALUES ('101041995400', '200160090650', '494.137');
INSERT INTO `distance` VALUES ('101041995400', '200370010500', '316.138');
INSERT INTO `distance` VALUES ('101041995400', '200500037100', '294.375');
INSERT INTO `distance` VALUES ('101041995400', '330382005800', '120.752');
INSERT INTO `distance` VALUES ('101041995400', '330421000002', '491.199');
INSERT INTO `distance` VALUES ('101041995400', '330503000001', '493.222');
INSERT INTO `distance` VALUES ('101041995400', '339906000002', '489.163');
INSERT INTO `distance` VALUES ('101041995400', '600110000009', '255.441');
INSERT INTO `distance` VALUES ('103200087200', '100010000000', '49.930');
INSERT INTO `distance` VALUES ('103200087200', '100010009700', '144.801');
INSERT INTO `distance` VALUES ('103200087200', '100350000002', '303.636');
INSERT INTO `distance` VALUES ('103200087200', '100420000011', '304.273');
INSERT INTO `distance` VALUES ('103200087200', '100500000010', '429.242');
INSERT INTO `distance` VALUES ('103200087200', '100500000011', '397.902');
INSERT INTO `distance` VALUES ('103200087200', '101041649001', '269.657');
INSERT INTO `distance` VALUES ('103200087200', '101041794960', '347.041');
INSERT INTO `distance` VALUES ('103200087200', '101041995400', '491.541');
INSERT INTO `distance` VALUES ('103200087200', '103200361700', '282.955');
INSERT INTO `distance` VALUES ('103200087200', '103201421250', '132.852');
INSERT INTO `distance` VALUES ('103200087200', '103300000003', '340.986');
INSERT INTO `distance` VALUES ('103200087200', '103300000004', '378.853');
INSERT INTO `distance` VALUES ('103200087200', '103300000005', '382.470');
INSERT INTO `distance` VALUES ('103200087200', '103300000006', '415.279');
INSERT INTO `distance` VALUES ('103200087200', '103300000010', '332.182');
INSERT INTO `distance` VALUES ('103200087200', '103300169280', '324.542');
INSERT INTO `distance` VALUES ('103200087200', '200010019400', '97.765');
INSERT INTO `distance` VALUES ('103200087200', '200020097000', '257.327');
INSERT INTO `distance` VALUES ('103200087200', '200030032001', '140.477');
INSERT INTO `distance` VALUES ('103200087200', '200110068100', '193.104');
INSERT INTO `distance` VALUES ('103200087200', '200160090650', '232.656');
INSERT INTO `distance` VALUES ('103200087200', '200170037550', '424.525');
INSERT INTO `distance` VALUES ('103200087200', '200370010500', '230.979');
INSERT INTO `distance` VALUES ('103200087200', '200420000001', '311.647');
INSERT INTO `distance` VALUES ('103200087200', '200490000001', '379.618');
INSERT INTO `distance` VALUES ('103200087200', '200490013100', '417.034');
INSERT INTO `distance` VALUES ('103200087200', '200500037100', '373.059');
INSERT INTO `distance` VALUES ('103200087200', '200520000001', '485.598');
INSERT INTO `distance` VALUES ('103200087200', '200520097001', '525.343');
INSERT INTO `distance` VALUES ('103200087200', '200560087350', '508.497');
INSERT INTO `distance` VALUES ('103200087200', '330382005800', '386.957');
INSERT INTO `distance` VALUES ('103200087200', '330421000002', '0.000');
INSERT INTO `distance` VALUES ('103200087200', '330421000003', '25.613');
INSERT INTO `distance` VALUES ('103200087200', '330482000001', '49.927');
INSERT INTO `distance` VALUES ('103200087200', '330482000003', '35.279');
INSERT INTO `distance` VALUES ('103200087200', '330503000001', '86.761');
INSERT INTO `distance` VALUES ('103200087200', '330522000001', '145.998');
INSERT INTO `distance` VALUES ('103200087200', '339906000002', '7.408');
INSERT INTO `distance` VALUES ('103200087200', '600050000001', '433.383');
INSERT INTO `distance` VALUES ('103200087200', '600110000009', '413.714');
INSERT INTO `distance` VALUES ('103200087200', '600140000001', '433.102');
INSERT INTO `distance` VALUES ('103200361700', '100010009700', '257.509');
INSERT INTO `distance` VALUES ('103200361700', '100500000011', '115.482');
INSERT INTO `distance` VALUES ('103200361700', '101041649001', '243.059');
INSERT INTO `distance` VALUES ('103200361700', '103300000003', '151.209');
INSERT INTO `distance` VALUES ('103200361700', '103300000010', '142.406');
INSERT INTO `distance` VALUES ('103200361700', '200110068100', '227.993');
INSERT INTO `distance` VALUES ('103200361700', '200160090650', '159.830');
INSERT INTO `distance` VALUES ('103200361700', '200370010500', '182.723');
INSERT INTO `distance` VALUES ('103200361700', '200500037100', '90.639');
INSERT INTO `distance` VALUES ('103200361700', '330382005800', '308.160');
INSERT INTO `distance` VALUES ('103200361700', '600110000009', '131.293');
INSERT INTO `distance` VALUES ('103200495800', '100010000000', '393.363');
INSERT INTO `distance` VALUES ('103200495800', '100010009700', '359.936');
INSERT INTO `distance` VALUES ('103200495800', '100350000002', '206.882');
INSERT INTO `distance` VALUES ('103200495800', '100420000011', '207.519');
INSERT INTO `distance` VALUES ('103200495800', '100500000010', '168.038');
INSERT INTO `distance` VALUES ('103200495800', '100500000011', '136.698');
INSERT INTO `distance` VALUES ('103200495800', '100510000005', '125.632');
INSERT INTO `distance` VALUES ('103200495800', '101041649001', '300.171');
INSERT INTO `distance` VALUES ('103200495800', '101041794960', '352.975');
INSERT INTO `distance` VALUES ('103200495800', '101041995400', '397.648');
INSERT INTO `distance` VALUES ('103200495800', '103200087200', '385.002');
INSERT INTO `distance` VALUES ('103200495800', '103200361700', '103.405');
INSERT INTO `distance` VALUES ('103200495800', '103201421250', '270.168');
INSERT INTO `distance` VALUES ('103200495800', '103300000002', '214.468');
INSERT INTO `distance` VALUES ('103200495800', '103300000003', '208.321');
INSERT INTO `distance` VALUES ('103200495800', '103300000004', '222.671');
INSERT INTO `distance` VALUES ('103200495800', '103300000005', '212.577');
INSERT INTO `distance` VALUES ('103200495800', '103300000006', '245.386');
INSERT INTO `distance` VALUES ('103200495800', '103300000010', '199.518');
INSERT INTO `distance` VALUES ('103200495800', '103300041001', '297.556');
INSERT INTO `distance` VALUES ('103200495800', '103300169280', '191.878');
INSERT INTO `distance` VALUES ('103200495800', '200010019400', '295.292');
INSERT INTO `distance` VALUES ('103200495800', '200020097000', '222.447');
INSERT INTO `distance` VALUES ('103200495800', '200030032001', '252.410');
INSERT INTO `distance` VALUES ('103200495800', '200110068100', '330.420');
INSERT INTO `distance` VALUES ('103200495800', '200160090650', '297.852');
INSERT INTO `distance` VALUES ('103200495800', '200170037550', '42.588');
INSERT INTO `distance` VALUES ('103200495800', '200370010500', '239.835');
INSERT INTO `distance` VALUES ('103200495800', '200410111850', '307.856');
INSERT INTO `distance` VALUES ('103200495800', '200420000001', '209.794');
INSERT INTO `distance` VALUES ('103200495800', '200490000001', '223.436');
INSERT INTO `distance` VALUES ('103200495800', '200490013100', '284.647');
INSERT INTO `distance` VALUES ('103200495800', '200500037100', '111.855');
INSERT INTO `distance` VALUES ('103200495800', '200520000001', '269.882');
INSERT INTO `distance` VALUES ('103200495800', '200520097001', '309.627');
INSERT INTO `distance` VALUES ('103200495800', '200530000001', '187.198');
INSERT INTO `distance` VALUES ('103200495800', '200530168400', '175.674');
INSERT INTO `distance` VALUES ('103200495800', '200560087350', '326.511');
INSERT INTO `distance` VALUES ('103200495800', '330382005800', '350.847');
INSERT INTO `distance` VALUES ('103200495800', '330421000002', '385.002');
INSERT INTO `distance` VALUES ('103200495800', '330421000003', '389.980');
INSERT INTO `distance` VALUES ('103200495800', '330482000001', '393.360');
INSERT INTO `distance` VALUES ('103200495800', '330482000003', '390.437');
INSERT INTO `distance` VALUES ('103200495800', '330503000001', '347.287');
INSERT INTO `distance` VALUES ('103200495800', '330522000001', '361.133');
INSERT INTO `distance` VALUES ('103200495800', '339906000002', '382.967');
INSERT INTO `distance` VALUES ('103200495800', '600050000001', '263.489');
INSERT INTO `distance` VALUES ('103200495800', '600070000001', '211.612');
INSERT INTO `distance` VALUES ('103200495800', '600110000009', '152.510');
INSERT INTO `distance` VALUES ('103200495800', '600140000001', '263.209');
INSERT INTO `distance` VALUES ('103200495800', '600150000001', '220.345');
INSERT INTO `distance` VALUES ('103200495800', '600500021001', '311.576');
INSERT INTO `distance` VALUES ('103201421250', '100010009700', '106.900');
INSERT INTO `distance` VALUES ('103201421250', '100350000002', '232.022');
INSERT INTO `distance` VALUES ('103201421250', '100420000011', '232.659');
INSERT INTO `distance` VALUES ('103201421250', '100500000010', '312.697');
INSERT INTO `distance` VALUES ('103201421250', '100500000011', '281.357');
INSERT INTO `distance` VALUES ('103201421250', '101041649001', '210.334');
INSERT INTO `distance` VALUES ('103201421250', '101041794960', '317.400');
INSERT INTO `distance` VALUES ('103201421250', '101041995400', '419.927');
INSERT INTO `distance` VALUES ('103201421250', '103200361700', '166.410');
INSERT INTO `distance` VALUES ('103201421250', '103300000003', '269.371');
INSERT INTO `distance` VALUES ('103201421250', '103300000004', '307.239');
INSERT INTO `distance` VALUES ('103201421250', '103300000005', '310.856');
INSERT INTO `distance` VALUES ('103201421250', '103300000006', '343.665');
INSERT INTO `distance` VALUES ('103201421250', '103300000010', '260.568');
INSERT INTO `distance` VALUES ('103201421250', '103300169280', '252.928');
INSERT INTO `distance` VALUES ('103201421250', '200010019400', '42.256');
INSERT INTO `distance` VALUES ('103201421250', '200020097000', '140.782');
INSERT INTO `distance` VALUES ('103201421250', '200030032001', '57.240');
INSERT INTO `distance` VALUES ('103201421250', '200110068100', '61.126');
INSERT INTO `distance` VALUES ('103201421250', '200160090650', '116.111');
INSERT INTO `distance` VALUES ('103201421250', '200170037550', '307.980');
INSERT INTO `distance` VALUES ('103201421250', '200370010500', '171.655');
INSERT INTO `distance` VALUES ('103201421250', '200420000001', '240.033');
INSERT INTO `distance` VALUES ('103201421250', '200490000001', '308.004');
INSERT INTO `distance` VALUES ('103201421250', '200490013100', '345.420');
INSERT INTO `distance` VALUES ('103201421250', '200500037100', '256.514');
INSERT INTO `distance` VALUES ('103201421250', '200520000001', '414.541');
INSERT INTO `distance` VALUES ('103201421250', '200520097001', '454.286');
INSERT INTO `distance` VALUES ('103201421250', '200560087350', '436.882');
INSERT INTO `distance` VALUES ('103201421250', '330382005800', '357.317');
INSERT INTO `distance` VALUES ('103201421250', '330421000002', '131.967');
INSERT INTO `distance` VALUES ('103201421250', '330482000003', '145.381');
INSERT INTO `distance` VALUES ('103201421250', '330503000001', '94.251');
INSERT INTO `distance` VALUES ('103201421250', '339906000002', '129.932');
INSERT INTO `distance` VALUES ('103201421250', '600050000001', '361.768');
INSERT INTO `distance` VALUES ('103201421250', '600110000009', '297.168');
INSERT INTO `distance` VALUES ('103201421250', '600140000001', '361.488');
INSERT INTO `distance` VALUES ('103300000002', '100010000000', '389.579');
INSERT INTO `distance` VALUES ('103300000002', '100010009700', '395.557');
INSERT INTO `distance` VALUES ('103300000002', '100350000002', '86.502');
INSERT INTO `distance` VALUES ('103300000002', '100420000011', '87.139');
INSERT INTO `distance` VALUES ('103300000002', '100500000010', '49.415');
INSERT INTO `distance` VALUES ('103300000002', '100500000011', '81.384');
INSERT INTO `distance` VALUES ('103300000002', '100510000005', '103.766');
INSERT INTO `distance` VALUES ('103300000002', '101041649001', '229.066');
INSERT INTO `distance` VALUES ('103300000002', '101041794960', '194.123');
INSERT INTO `distance` VALUES ('103300000002', '101041995400', '196.624');
INSERT INTO `distance` VALUES ('103300000002', '103200087200', '374.769');
INSERT INTO `distance` VALUES ('103300000002', '103200361700', '192.631');
INSERT INTO `distance` VALUES ('103300000002', '103201421250', '306.156');
INSERT INTO `distance` VALUES ('103300000002', '103300000003', '33.354');
INSERT INTO `distance` VALUES ('103300000002', '103300000004', '7.449');
INSERT INTO `distance` VALUES ('103300000002', '103300000005', '11.030');
INSERT INTO `distance` VALUES ('103300000002', '103300000006', '44.363');
INSERT INTO `distance` VALUES ('103300000002', '103300000010', '42.668');
INSERT INTO `distance` VALUES ('103300000002', '103300041001', '96.532');
INSERT INTO `distance` VALUES ('103300000002', '103300169280', '61.149');
INSERT INTO `distance` VALUES ('103300000002', '200010019400', '294.462');
INSERT INTO `distance` VALUES ('103300000002', '200020097000', '398.837');
INSERT INTO `distance` VALUES ('103300000002', '200030032001', '252.006');
INSERT INTO `distance` VALUES ('103300000002', '200110068100', '366.408');
INSERT INTO `distance` VALUES ('103300000002', '200160090650', '351.483');
INSERT INTO `distance` VALUES ('103300000002', '200170037550', '253.770');
INSERT INTO `distance` VALUES ('103300000002', '200370010500', '236.968');
INSERT INTO `distance` VALUES ('103300000002', '200410111850', '141.336');
INSERT INTO `distance` VALUES ('103300000002', '200420000001', '55.637');
INSERT INTO `distance` VALUES ('103300000002', '200490000001', '8.214');
INSERT INTO `distance` VALUES ('103300000002', '200490013100', '83.624');
INSERT INTO `distance` VALUES ('103300000002', '200500037100', '107.968');
INSERT INTO `distance` VALUES ('103300000002', '200520000001', '118.623');
INSERT INTO `distance` VALUES ('103300000002', '200520097001', '158.368');
INSERT INTO `distance` VALUES ('103300000002', '200560087350', '213.579');
INSERT INTO `distance` VALUES ('103300000002', '330382005800', '149.824');
INSERT INTO `distance` VALUES ('103300000002', '330421000002', '374.769');
INSERT INTO `distance` VALUES ('103300000002', '330421000003', '393.850');
INSERT INTO `distance` VALUES ('103300000002', '330482000001', '389.576');
INSERT INTO `distance` VALUES ('103300000002', '330482000003', '386.653');
INSERT INTO `distance` VALUES ('103300000002', '330503000001', '376.792');
INSERT INTO `distance` VALUES ('103300000002', '330522000001', '396.754');
INSERT INTO `distance` VALUES ('103300000002', '339906000002', '372.734');
INSERT INTO `distance` VALUES ('103300000002', '600050000001', '62.466');
INSERT INTO `distance` VALUES ('103300000002', '600110000009', '69.034');
INSERT INTO `distance` VALUES ('103300000002', '600140000001', '62.185');
INSERT INTO `distance` VALUES ('103300000002', '600150000001', '172.849');
INSERT INTO `distance` VALUES ('103300000002', '600500021001', '110.552');
INSERT INTO `distance` VALUES ('103300000003', '100500000011', '115.859');
INSERT INTO `distance` VALUES ('103300000003', '101041649001', '193.349');
INSERT INTO `distance` VALUES ('103300000003', '330382005800', '182.342');
INSERT INTO `distance` VALUES ('103300000003', '600110000009', '103.509');
INSERT INTO `distance` VALUES ('103300000004', '100010009700', '397.029');
INSERT INTO `distance` VALUES ('103300000004', '100350000002', '87.974');
INSERT INTO `distance` VALUES ('103300000004', '100420000011', '88.611');
INSERT INTO `distance` VALUES ('103300000004', '100500000010', '50.874');
INSERT INTO `distance` VALUES ('103300000004', '100500000011', '90.644');
INSERT INTO `distance` VALUES ('103300000004', '101041649001', '230.538');
INSERT INTO `distance` VALUES ('103300000004', '101041995400', '202.823');
INSERT INTO `distance` VALUES ('103300000004', '103200361700', '201.890');
INSERT INTO `distance` VALUES ('103300000004', '103300000003', '27.103');
INSERT INTO `distance` VALUES ('103300000004', '103300000005', '17.229');
INSERT INTO `distance` VALUES ('103300000004', '103300000006', '50.561');
INSERT INTO `distance` VALUES ('103300000004', '103300000010', '36.417');
INSERT INTO `distance` VALUES ('103300000004', '200030032001', '253.478');
INSERT INTO `distance` VALUES ('103300000004', '200110068100', '367.880');
INSERT INTO `distance` VALUES ('103300000004', '200160090650', '379.179');
INSERT INTO `distance` VALUES ('103300000004', '200370010500', '238.440');
INSERT INTO `distance` VALUES ('103300000004', '200500037100', '117.228');
INSERT INTO `distance` VALUES ('103300000004', '330382005800', '156.022');
INSERT INTO `distance` VALUES ('103300000004', '330421000002', '376.241');
INSERT INTO `distance` VALUES ('103300000004', '330503000001', '378.264');
INSERT INTO `distance` VALUES ('103300000004', '339906000002', '374.205');
INSERT INTO `distance` VALUES ('103300000004', '600050000001', '68.664');
INSERT INTO `distance` VALUES ('103300000004', '600110000009', '78.294');
INSERT INTO `distance` VALUES ('103300000005', '100010009700', '401.243');
INSERT INTO `distance` VALUES ('103300000005', '100350000002', '92.188');
INSERT INTO `distance` VALUES ('103300000005', '100420000011', '92.825');
INSERT INTO `distance` VALUES ('103300000005', '100500000010', '49.237');
INSERT INTO `distance` VALUES ('103300000005', '100500000011', '81.207');
INSERT INTO `distance` VALUES ('103300000005', '101041649001', '234.752');
INSERT INTO `distance` VALUES ('103300000005', '101041995400', '186.981');
INSERT INTO `distance` VALUES ('103300000005', '103200361700', '192.453');
INSERT INTO `distance` VALUES ('103300000005', '103300000003', '43.314');
INSERT INTO `distance` VALUES ('103300000005', '103300000006', '34.720');
INSERT INTO `distance` VALUES ('103300000005', '103300000010', '66.392');
INSERT INTO `distance` VALUES ('103300000005', '200030032001', '257.692');
INSERT INTO `distance` VALUES ('103300000005', '200110068100', '372.094');
INSERT INTO `distance` VALUES ('103300000005', '200160090650', '351.305');
INSERT INTO `distance` VALUES ('103300000005', '200370010500', '242.654');
INSERT INTO `distance` VALUES ('103300000005', '200500037100', '107.790');
INSERT INTO `distance` VALUES ('103300000005', '330382005800', '140.181');
INSERT INTO `distance` VALUES ('103300000005', '330421000002', '380.455');
INSERT INTO `distance` VALUES ('103300000005', '330503000001', '382.478');
INSERT INTO `distance` VALUES ('103300000005', '339906000002', '378.420');
INSERT INTO `distance` VALUES ('103300000005', '600050000001', '52.823');
INSERT INTO `distance` VALUES ('103300000005', '600110000009', '68.857');
INSERT INTO `distance` VALUES ('103300000006', '100010009700', '433.305');
INSERT INTO `distance` VALUES ('103300000006', '100350000002', '124.249');
INSERT INTO `distance` VALUES ('103300000006', '100420000011', '124.887');
INSERT INTO `distance` VALUES ('103300000006', '100500000010', '81.298');
INSERT INTO `distance` VALUES ('103300000006', '100500000011', '113.268');
INSERT INTO `distance` VALUES ('103300000006', '101041649001', '264.986');
INSERT INTO `distance` VALUES ('103300000006', '101041995400', '155.371');
INSERT INTO `distance` VALUES ('103300000006', '103200361700', '224.514');
INSERT INTO `distance` VALUES ('103300000006', '103300000003', '82.392');
INSERT INTO `distance` VALUES ('103300000006', '103300000010', '98.453');
INSERT INTO `distance` VALUES ('103300000006', '200030032001', '289.754');
INSERT INTO `distance` VALUES ('103300000006', '200110068100', '404.156');
INSERT INTO `distance` VALUES ('103300000006', '200160090650', '383.366');
INSERT INTO `distance` VALUES ('103300000006', '200370010500', '274.715');
INSERT INTO `distance` VALUES ('103300000006', '200500037100', '139.852');
INSERT INTO `distance` VALUES ('103300000006', '330382005800', '108.571');
INSERT INTO `distance` VALUES ('103300000006', '330421000002', '412.516');
INSERT INTO `distance` VALUES ('103300000006', '330503000001', '414.540');
INSERT INTO `distance` VALUES ('103300000006', '339906000002', '410.481');
INSERT INTO `distance` VALUES ('103300000006', '600050000001', '18.103');
INSERT INTO `distance` VALUES ('103300000006', '600110000009', '100.918');
INSERT INTO `distance` VALUES ('103300000007', '100010000000', '438.129');
INSERT INTO `distance` VALUES ('103300000007', '100010009700', '444.107');
INSERT INTO `distance` VALUES ('103300000007', '100350000002', '135.052');
INSERT INTO `distance` VALUES ('103300000007', '100420000011', '135.689');
INSERT INTO `distance` VALUES ('103300000007', '100440000001', '119.783');
INSERT INTO `distance` VALUES ('103300000007', '100500000008', '133.997');
INSERT INTO `distance` VALUES ('103300000007', '100500000010', '92.100');
INSERT INTO `distance` VALUES ('103300000007', '100500000011', '124.070');
INSERT INTO `distance` VALUES ('103300000007', '100510000005', '146.451');
INSERT INTO `distance` VALUES ('103300000007', '101041649001', '256.276');
INSERT INTO `distance` VALUES ('103300000007', '101041794960', '144.161');
INSERT INTO `distance` VALUES ('103300000007', '101041995400', '146.662');
INSERT INTO `distance` VALUES ('103300000007', '103200087200', '423.319');
INSERT INTO `distance` VALUES ('103300000007', '103200361700', '235.316');
INSERT INTO `distance` VALUES ('103300000007', '103200495800', '257.246');
INSERT INTO `distance` VALUES ('103300000007', '103201421250', '354.705');
INSERT INTO `distance` VALUES ('103300000007', '103300000002', '55.217');
INSERT INTO `distance` VALUES ('103300000007', '103300000003', '93.194');
INSERT INTO `distance` VALUES ('103300000007', '103300000004', '67.290');
INSERT INTO `distance` VALUES ('103300000007', '103300000005', '45.531');
INSERT INTO `distance` VALUES ('103300000007', '103300000006', '10.802');
INSERT INTO `distance` VALUES ('103300000007', '103300000010', '109.255');
INSERT INTO `distance` VALUES ('103300000007', '103300041001', '46.570');
INSERT INTO `distance` VALUES ('103300000007', '103300169280', '109.699');
INSERT INTO `distance` VALUES ('103300000007', '200010019400', '343.012');
INSERT INTO `distance` VALUES ('103300000007', '200020097000', '441.523');
INSERT INTO `distance` VALUES ('103300000007', '200030032001', '300.556');
INSERT INTO `distance` VALUES ('103300000007', '200030053800', '282.324');
INSERT INTO `distance` VALUES ('103300000007', '200070000000', '420.158');
INSERT INTO `distance` VALUES ('103300000007', '200090031600', '369.540');
INSERT INTO `distance` VALUES ('103300000007', '200110068100', '414.958');
INSERT INTO `distance` VALUES ('103300000007', '200160090650', '394.169');
INSERT INTO `distance` VALUES ('103300000007', '200170037550', '296.456');
INSERT INTO `distance` VALUES ('103300000007', '200180030200', '428.433');
INSERT INTO `distance` VALUES ('103300000007', '200370010500', '267.272');
INSERT INTO `distance` VALUES ('103300000007', '200410111850', '91.374');
INSERT INTO `distance` VALUES ('103300000007', '200420000001', '119.532');
INSERT INTO `distance` VALUES ('103300000007', '200490000001', '68.054');
INSERT INTO `distance` VALUES ('103300000007', '200490013100', '33.662');
INSERT INTO `distance` VALUES ('103300000007', '200500037100', '150.654');
INSERT INTO `distance` VALUES ('103300000007', '200520000001', '161.309');
INSERT INTO `distance` VALUES ('103300000007', '200520097001', '212.922');
INSERT INTO `distance` VALUES ('103300000007', '200530000001', '183.420');
INSERT INTO `distance` VALUES ('103300000007', '200530168400', '194.943');
INSERT INTO `distance` VALUES ('103300000007', '200560087350', '92.048');
INSERT INTO `distance` VALUES ('103300000007', '330382005800', '99.862');
INSERT INTO `distance` VALUES ('103300000007', '330382022900', '94.722');
INSERT INTO `distance` VALUES ('103300000007', '330421000002', '423.319');
INSERT INTO `distance` VALUES ('103300000007', '330421000003', '442.400');
INSERT INTO `distance` VALUES ('103300000007', '330482000001', '438.125');
INSERT INTO `distance` VALUES ('103300000007', '330482000002', '434.895');
INSERT INTO `distance` VALUES ('103300000007', '330482000003', '435.202');
INSERT INTO `distance` VALUES ('103300000007', '330503000001', '425.342');
INSERT INTO `distance` VALUES ('103300000007', '330522000001', '445.304');
INSERT INTO `distance` VALUES ('103300000007', '330921000002', '462.981');
INSERT INTO `distance` VALUES ('103300000007', '339906000002', '421.283');
INSERT INTO `distance` VALUES ('103300000007', '600040000002', '58.044');
INSERT INTO `distance` VALUES ('103300000007', '600050000001', '7.301');
INSERT INTO `distance` VALUES ('103300000007', '600070000001', '121.350');
INSERT INTO `distance` VALUES ('103300000007', '600110000009', '111.720');
INSERT INTO `distance` VALUES ('103300000007', '600120000001', '63.250');
INSERT INTO `distance` VALUES ('103300000007', '600120000002', '63.648');
INSERT INTO `distance` VALUES ('103300000007', '600140000001', '8.373');
INSERT INTO `distance` VALUES ('103300000007', '600150000001', '215.535');
INSERT INTO `distance` VALUES ('103300000007', '600500021001', '56.466');
INSERT INTO `distance` VALUES ('103300000010', '100500000011', '134.566');
INSERT INTO `distance` VALUES ('103300000010', '101041649001', '185.929');
INSERT INTO `distance` VALUES ('103300000010', '103300000003', '8.803');
INSERT INTO `distance` VALUES ('103300000010', '330382005800', '201.754');
INSERT INTO `distance` VALUES ('103300000010', '600110000009', '122.216');
INSERT INTO `distance` VALUES ('103300041001', '100010000000', '441.692');
INSERT INTO `distance` VALUES ('103300041001', '100010009700', '447.670');
INSERT INTO `distance` VALUES ('103300041001', '100350000002', '148.285');
INSERT INTO `distance` VALUES ('103300041001', '100420000011', '148.922');
INSERT INTO `distance` VALUES ('103300041001', '100500000010', '105.334');
INSERT INTO `distance` VALUES ('103300041001', '100500000011', '137.303');
INSERT INTO `distance` VALUES ('103300041001', '101041649001', '240.826');
INSERT INTO `distance` VALUES ('103300041001', '101041794960', '128.710');
INSERT INTO `distance` VALUES ('103300041001', '101041995400', '131.211');
INSERT INTO `distance` VALUES ('103300041001', '103200087200', '426.881');
INSERT INTO `distance` VALUES ('103300041001', '103200361700', '248.550');
INSERT INTO `distance` VALUES ('103300041001', '103201421250', '358.268');
INSERT INTO `distance` VALUES ('103300041001', '103300000003', '106.428');
INSERT INTO `distance` VALUES ('103300041001', '103300000004', '80.523');
INSERT INTO `distance` VALUES ('103300041001', '103300000005', '58.764');
INSERT INTO `distance` VALUES ('103300041001', '103300000006', '26.394');
INSERT INTO `distance` VALUES ('103300041001', '103300000010', '122.489');
INSERT INTO `distance` VALUES ('103300041001', '103300169280', '122.932');
INSERT INTO `distance` VALUES ('103300041001', '200010019400', '346.574');
INSERT INTO `distance` VALUES ('103300041001', '200020097000', '454.756');
INSERT INTO `distance` VALUES ('103300041001', '200030032001', '304.119');
INSERT INTO `distance` VALUES ('103300041001', '200110068100', '418.521');
INSERT INTO `distance` VALUES ('103300041001', '200160090650', '407.402');
INSERT INTO `distance` VALUES ('103300041001', '200170037550', '309.689');
INSERT INTO `distance` VALUES ('103300041001', '200370010500', '251.821');
INSERT INTO `distance` VALUES ('103300041001', '200420000001', '132.765');
INSERT INTO `distance` VALUES ('103300041001', '200490000001', '81.288');
INSERT INTO `distance` VALUES ('103300041001', '200490013100', '18.211');
INSERT INTO `distance` VALUES ('103300041001', '200500037100', '163.887');
INSERT INTO `distance` VALUES ('103300041001', '200520000001', '174.542');
INSERT INTO `distance` VALUES ('103300041001', '200520097001', '197.472');
INSERT INTO `distance` VALUES ('103300041001', '200560087350', '148.166');
INSERT INTO `distance` VALUES ('103300041001', '330382005800', '84.411');
INSERT INTO `distance` VALUES ('103300041001', '330421000002', '426.881');
INSERT INTO `distance` VALUES ('103300041001', '330421000003', '445.963');
INSERT INTO `distance` VALUES ('103300041001', '330482000001', '441.688');
INSERT INTO `distance` VALUES ('103300041001', '330482000003', '438.765');
INSERT INTO `distance` VALUES ('103300041001', '330503000001', '428.905');
INSERT INTO `distance` VALUES ('103300041001', '330522000001', '448.866');
INSERT INTO `distance` VALUES ('103300041001', '339906000002', '424.846');
INSERT INTO `distance` VALUES ('103300041001', '600050000001', '9.596');
INSERT INTO `distance` VALUES ('103300041001', '600110000009', '124.954');
INSERT INTO `distance` VALUES ('103300041001', '600140000001', '10.480');
INSERT INTO `distance` VALUES ('103300041001', '600500021001', '51.598');
INSERT INTO `distance` VALUES ('103300169280', '100010009700', '342.483');
INSERT INTO `distance` VALUES ('103300169280', '100350000002', '31.321');
INSERT INTO `distance` VALUES ('103300169280', '100420000011', '25.016');
INSERT INTO `distance` VALUES ('103300169280', '100500000010', '99.965');
INSERT INTO `distance` VALUES ('103300169280', '100500000011', '131.935');
INSERT INTO `distance` VALUES ('103300169280', '101041649001', '173.885');
INSERT INTO `distance` VALUES ('103300169280', '101041995400', '251.116');
INSERT INTO `distance` VALUES ('103300169280', '103200361700', '135.019');
INSERT INTO `distance` VALUES ('103300169280', '103300000003', '20.262');
INSERT INTO `distance` VALUES ('103300169280', '103300000004', '46.789');
INSERT INTO `distance` VALUES ('103300169280', '103300000005', '66.046');
INSERT INTO `distance` VALUES ('103300169280', '103300000006', '98.855');
INSERT INTO `distance` VALUES ('103300169280', '103300000010', '11.459');
INSERT INTO `distance` VALUES ('103300169280', '200010019400', '241.387');
INSERT INTO `distance` VALUES ('103300169280', '200020097000', '349.304');
INSERT INTO `distance` VALUES ('103300169280', '200030032001', '198.932');
INSERT INTO `distance` VALUES ('103300169280', '200110068100', '313.333');
INSERT INTO `distance` VALUES ('103300169280', '200160090650', '324.633');
INSERT INTO `distance` VALUES ('103300169280', '200170037550', '231.537');
INSERT INTO `distance` VALUES ('103300169280', '200370010500', '132.667');
INSERT INTO `distance` VALUES ('103300169280', '200420000001', '17.198');
INSERT INTO `distance` VALUES ('103300169280', '200490000001', '45.179');
INSERT INTO `distance` VALUES ('103300169280', '200500037100', '158.519');
INSERT INTO `distance` VALUES ('103300169280', '200520000001', '169.174');
INSERT INTO `distance` VALUES ('103300169280', '200520097001', '208.918');
INSERT INTO `distance` VALUES ('103300169280', '330382005800', '189.710');
INSERT INTO `distance` VALUES ('103300169280', '330421000002', '321.694');
INSERT INTO `distance` VALUES ('103300169280', '330503000001', '323.718');
INSERT INTO `distance` VALUES ('103300169280', '339906000002', '319.659');
INSERT INTO `distance` VALUES ('103300169280', '600050000001', '116.958');
INSERT INTO `distance` VALUES ('103300169280', '600110000009', '119.585');
INSERT INTO `distance` VALUES ('103300169280', '600140000001', '116.678');
INSERT INTO `distance` VALUES ('200010019400', '100010009700', '119.678');
INSERT INTO `distance` VALUES ('200010019400', '100350000002', '220.872');
INSERT INTO `distance` VALUES ('200010019400', '100420000011', '221.510');
INSERT INTO `distance` VALUES ('200010019400', '100500000010', '337.998');
INSERT INTO `distance` VALUES ('200010019400', '100500000011', '306.658');
INSERT INTO `distance` VALUES ('200010019400', '101041649001', '186.893');
INSERT INTO `distance` VALUES ('200010019400', '101041995400', '408.778');
INSERT INTO `distance` VALUES ('200010019400', '103200361700', '191.711');
INSERT INTO `distance` VALUES ('200010019400', '103300000003', '258.222');
INSERT INTO `distance` VALUES ('200010019400', '103300000004', '296.090');
INSERT INTO `distance` VALUES ('200010019400', '103300000005', '299.706');
INSERT INTO `distance` VALUES ('200010019400', '103300000006', '332.516');
INSERT INTO `distance` VALUES ('200010019400', '103300000010', '249.418');
INSERT INTO `distance` VALUES ('200010019400', '200020097000', '166.083');
INSERT INTO `distance` VALUES ('200010019400', '200030032001', '57.714');
INSERT INTO `distance` VALUES ('200010019400', '200110068100', '101.861');
INSERT INTO `distance` VALUES ('200010019400', '200160090650', '141.413');
INSERT INTO `distance` VALUES ('200010019400', '200170037550', '333.282');
INSERT INTO `distance` VALUES ('200010019400', '200370010500', '148.215');
INSERT INTO `distance` VALUES ('200010019400', '200420000001', '228.884');
INSERT INTO `distance` VALUES ('200010019400', '200490000001', '296.854');
INSERT INTO `distance` VALUES ('200010019400', '200500037100', '281.815');
INSERT INTO `distance` VALUES ('200010019400', '200520000001', '402.834');
INSERT INTO `distance` VALUES ('200010019400', '200520097001', '442.579');
INSERT INTO `distance` VALUES ('200010019400', '330382005800', '333.876');
INSERT INTO `distance` VALUES ('200010019400', '330421000002', '94.368');
INSERT INTO `distance` VALUES ('200010019400', '330503000001', '100.913');
INSERT INTO `distance` VALUES ('200010019400', '339906000002', '92.333');
INSERT INTO `distance` VALUES ('200010019400', '600050000001', '350.619');
INSERT INTO `distance` VALUES ('200010019400', '600110000009', '322.470');
INSERT INTO `distance` VALUES ('200010019400', '600140000001', '350.338');
INSERT INTO `distance` VALUES ('200020097000', '100010009700', '231.874');
INSERT INTO `distance` VALUES ('200020097000', '100350000002', '329.245');
INSERT INTO `distance` VALUES ('200020097000', '100420000011', '329.883');
INSERT INTO `distance` VALUES ('200020097000', '100500000010', '353.458');
INSERT INTO `distance` VALUES ('200020097000', '100500000011', '322.118');
INSERT INTO `distance` VALUES ('200020097000', '101041649001', '328.902');
INSERT INTO `distance` VALUES ('200020097000', '101041995400', '517.151');
INSERT INTO `distance` VALUES ('200020097000', '103200361700', '185.915');
INSERT INTO `distance` VALUES ('200020097000', '103300000003', '366.595');
INSERT INTO `distance` VALUES ('200020097000', '103300000004', '408.091');
INSERT INTO `distance` VALUES ('200020097000', '103300000005', '397.997');
INSERT INTO `distance` VALUES ('200020097000', '103300000006', '430.806');
INSERT INTO `distance` VALUES ('200020097000', '103300000010', '357.791');
INSERT INTO `distance` VALUES ('200020097000', '200030032001', '154.463');
INSERT INTO `distance` VALUES ('200020097000', '200110068100', '137.860');
INSERT INTO `distance` VALUES ('200020097000', '200160090650', '80.623');
INSERT INTO `distance` VALUES ('200020097000', '200370010500', '290.224');
INSERT INTO `distance` VALUES ('200020097000', '200420000001', '337.257');
INSERT INTO `distance` VALUES ('200020097000', '200490000001', '408.856');
INSERT INTO `distance` VALUES ('200020097000', '200500037100', '297.275');
INSERT INTO `distance` VALUES ('200020097000', '200520000001', '455.302');
INSERT INTO `distance` VALUES ('200020097000', '200520097001', '495.047');
INSERT INTO `distance` VALUES ('200020097000', '330382005800', '451.451');
INSERT INTO `distance` VALUES ('200020097000', '330421000002', '256.940');
INSERT INTO `distance` VALUES ('200020097000', '330503000001', '219.224');
INSERT INTO `distance` VALUES ('200020097000', '339906000002', '254.905');
INSERT INTO `distance` VALUES ('200020097000', '600050000001', '448.909');
INSERT INTO `distance` VALUES ('200020097000', '600110000009', '337.930');
INSERT INTO `distance` VALUES ('200020097000', '600140000001', '448.629');
INSERT INTO `distance` VALUES ('200030032001', '100010009700', '137.385');
INSERT INTO `distance` VALUES ('200030032001', '100500000011', '264.907');
INSERT INTO `distance` VALUES ('200030032001', '101041649001', '187.253');
INSERT INTO `distance` VALUES ('200030032001', '103200361700', '149.960');
INSERT INTO `distance` VALUES ('200030032001', '103300000003', '215.958');
INSERT INTO `distance` VALUES ('200030032001', '103300000010', '207.154');
INSERT INTO `distance` VALUES ('200030032001', '200110068100', '117.755');
INSERT INTO `distance` VALUES ('200030032001', '200160090650', '129.055');
INSERT INTO `distance` VALUES ('200030032001', '200370010500', '148.575');
INSERT INTO `distance` VALUES ('200030032001', '200500037100', '240.064');
INSERT INTO `distance` VALUES ('200030032001', '330382005800', '300.813');
INSERT INTO `distance` VALUES ('200030032001', '600110000009', '280.718');
INSERT INTO `distance` VALUES ('200030053800', '100010000000', '173.957');
INSERT INTO `distance` VALUES ('200030053800', '100010009700', '179.935');
INSERT INTO `distance` VALUES ('200030053800', '100350000002', '161.305');
INSERT INTO `distance` VALUES ('200030053800', '100420000011', '161.942');
INSERT INTO `distance` VALUES ('200030053800', '100500000010', '274.058');
INSERT INTO `distance` VALUES ('200030053800', '100500000011', '248.911');
INSERT INTO `distance` VALUES ('200030053800', '100510000005', '237.845');
INSERT INTO `distance` VALUES ('200030053800', '101041649001', '183.524');
INSERT INTO `distance` VALUES ('200030053800', '101041794960', '271.178');
INSERT INTO `distance` VALUES ('200030053800', '101041995400', '349.210');
INSERT INTO `distance` VALUES ('200030053800', '103200087200', '159.147');
INSERT INTO `distance` VALUES ('200030053800', '103200361700', '133.964');
INSERT INTO `distance` VALUES ('200030053800', '103200495800', '236.325');
INSERT INTO `distance` VALUES ('200030053800', '103201421250', '72.792');
INSERT INTO `distance` VALUES ('200030053800', '103300000002', '236.256');
INSERT INTO `distance` VALUES ('200030053800', '103300000003', '198.654');
INSERT INTO `distance` VALUES ('200030053800', '103300000004', '236.522');
INSERT INTO `distance` VALUES ('200030053800', '103300000005', '240.139');
INSERT INTO `distance` VALUES ('200030053800', '103300000006', '272.948');
INSERT INTO `distance` VALUES ('200030053800', '103300000010', '189.851');
INSERT INTO `distance` VALUES ('200030053800', '103300041001', '285.391');
INSERT INTO `distance` VALUES ('200030053800', '103300169280', '182.211');
INSERT INTO `distance` VALUES ('200030053800', '200010019400', '78.840');
INSERT INTO `distance` VALUES ('200030053800', '200020097000', '169.014');
INSERT INTO `distance` VALUES ('200030053800', '200030032001', '18.433');
INSERT INTO `distance` VALUES ('200030053800', '200070000000', '155.986');
INSERT INTO `distance` VALUES ('200030053800', '200090031600', '105.368');
INSERT INTO `distance` VALUES ('200030053800', '200110068100', '133.044');
INSERT INTO `distance` VALUES ('200030053800', '200160090650', '144.344');
INSERT INTO `distance` VALUES ('200030053800', '200170037550', '275.535');
INSERT INTO `distance` VALUES ('200030053800', '200180030200', '177.955');
INSERT INTO `distance` VALUES ('200030053800', '200370010500', '123.187');
INSERT INTO `distance` VALUES ('200030053800', '200410111850', '226.094');
INSERT INTO `distance` VALUES ('200030053800', '200420000001', '169.316');
INSERT INTO `distance` VALUES ('200030053800', '200490000001', '237.287');
INSERT INTO `distance` VALUES ('200030053800', '200490013100', '274.703');
INSERT INTO `distance` VALUES ('200030053800', '200500037100', '224.068');
INSERT INTO `distance` VALUES ('200030053800', '200520000001', '343.267');
INSERT INTO `distance` VALUES ('200030053800', '200520097001', '383.011');
INSERT INTO `distance` VALUES ('200030053800', '200530000001', '365.378');
INSERT INTO `distance` VALUES ('200030053800', '200530168400', '376.901');
INSERT INTO `distance` VALUES ('200030053800', '200560087350', '366.165');
INSERT INTO `distance` VALUES ('200030053800', '330382005800', '283.510');
INSERT INTO `distance` VALUES ('200030053800', '330382022900', '278.371');
INSERT INTO `distance` VALUES ('200030053800', '330421000002', '159.147');
INSERT INTO `distance` VALUES ('200030053800', '330421000003', '178.228');
INSERT INTO `distance` VALUES ('200030053800', '330482000001', '173.954');
INSERT INTO `distance` VALUES ('200030053800', '330482000002', '170.723');
INSERT INTO `distance` VALUES ('200030053800', '330482000003', '171.031');
INSERT INTO `distance` VALUES ('200030053800', '330503000001', '161.170');
INSERT INTO `distance` VALUES ('200030053800', '330522000001', '181.132');
INSERT INTO `distance` VALUES ('200030053800', '330921000002', '311.459');
INSERT INTO `distance` VALUES ('200030053800', '339906000002', '157.111');
INSERT INTO `distance` VALUES ('200030053800', '600050000001', '291.051');
INSERT INTO `distance` VALUES ('200030053800', '600070000001', '201.946');
INSERT INTO `distance` VALUES ('200030053800', '600110000009', '264.723');
INSERT INTO `distance` VALUES ('200030053800', '600140000001', '290.771');
INSERT INTO `distance` VALUES ('200030053800', '600150000001', '397.493');
INSERT INTO `distance` VALUES ('200030053800', '600500021001', '339.138');
INSERT INTO `distance` VALUES ('200070000000', '100010000000', '90.663');
INSERT INTO `distance` VALUES ('200070000000', '100010009700', '120.266');
INSERT INTO `distance` VALUES ('200070000000', '100350000002', '295.936');
INSERT INTO `distance` VALUES ('200070000000', '100420000011', '296.573');
INSERT INTO `distance` VALUES ('200070000000', '100500000010', '402.377');
INSERT INTO `distance` VALUES ('200070000000', '100500000011', '371.037');
INSERT INTO `distance` VALUES ('200070000000', '100510000005', '359.971');
INSERT INTO `distance` VALUES ('200070000000', '101041649001', '261.957');
INSERT INTO `distance` VALUES ('200070000000', '101041794960', '362.227');
INSERT INTO `distance` VALUES ('200070000000', '101041995400', '483.841');
INSERT INTO `distance` VALUES ('200070000000', '103200087200', '51.355');
INSERT INTO `distance` VALUES ('200070000000', '103200361700', '256.090');
INSERT INTO `distance` VALUES ('200070000000', '103200495800', '358.451');
INSERT INTO `distance` VALUES ('200070000000', '103201421250', '105.987');
INSERT INTO `distance` VALUES ('200070000000', '103300000002', '370.887');
INSERT INTO `distance` VALUES ('200070000000', '103300000003', '333.285');
INSERT INTO `distance` VALUES ('200070000000', '103300000004', '371.153');
INSERT INTO `distance` VALUES ('200070000000', '103300000005', '374.770');
INSERT INTO `distance` VALUES ('200070000000', '103300000006', '407.579');
INSERT INTO `distance` VALUES ('200070000000', '103300000010', '324.482');
INSERT INTO `distance` VALUES ('200070000000', '103300041001', '420.022');
INSERT INTO `distance` VALUES ('200070000000', '103300169280', '316.842');
INSERT INTO `distance` VALUES ('200070000000', '200010019400', '90.065');
INSERT INTO `distance` VALUES ('200070000000', '200020097000', '230.462');
INSERT INTO `distance` VALUES ('200070000000', '200030032001', '132.777');
INSERT INTO `distance` VALUES ('200070000000', '200110068100', '170.223');
INSERT INTO `distance` VALUES ('200070000000', '200160090650', '205.791');
INSERT INTO `distance` VALUES ('200070000000', '200170037550', '397.660');
INSERT INTO `distance` VALUES ('200070000000', '200180030200', '239.402');
INSERT INTO `distance` VALUES ('200070000000', '200370010500', '223.278');
INSERT INTO `distance` VALUES ('200070000000', '200410111850', '360.725');
INSERT INTO `distance` VALUES ('200070000000', '200420000001', '303.947');
INSERT INTO `distance` VALUES ('200070000000', '200490000001', '371.918');
INSERT INTO `distance` VALUES ('200070000000', '200490013100', '409.334');
INSERT INTO `distance` VALUES ('200070000000', '200500037100', '346.194');
INSERT INTO `distance` VALUES ('200070000000', '200520000001', '477.898');
INSERT INTO `distance` VALUES ('200070000000', '200520097001', '517.642');
INSERT INTO `distance` VALUES ('200070000000', '200530000001', '500.008');
INSERT INTO `distance` VALUES ('200070000000', '200530168400', '521.021');
INSERT INTO `distance` VALUES ('200070000000', '200560087350', '500.796');
INSERT INTO `distance` VALUES ('200070000000', '330382005800', '402.144');
INSERT INTO `distance` VALUES ('200070000000', '330421000002', '51.355');
INSERT INTO `distance` VALUES ('200070000000', '330421000003', '45.573');
INSERT INTO `distance` VALUES ('200070000000', '330482000001', '90.659');
INSERT INTO `distance` VALUES ('200070000000', '330482000003', '83.019');
INSERT INTO `distance` VALUES ('200070000000', '330503000001', '40.335');
INSERT INTO `distance` VALUES ('200070000000', '330522000001', '117.673');
INSERT INTO `distance` VALUES ('200070000000', '330921000002', '212.985');
INSERT INTO `distance` VALUES ('200070000000', '339906000002', '52.257');
INSERT INTO `distance` VALUES ('200070000000', '600050000001', '425.682');
INSERT INTO `distance` VALUES ('200070000000', '600070000001', '336.577');
INSERT INTO `distance` VALUES ('200070000000', '600110000009', '386.848');
INSERT INTO `distance` VALUES ('200070000000', '600140000001', '425.402');
INSERT INTO `distance` VALUES ('200070000000', '600150000001', '532.124');
INSERT INTO `distance` VALUES ('200070000000', '600500021001', '473.769');
INSERT INTO `distance` VALUES ('200090031600', '100010000000', '152.211');
INSERT INTO `distance` VALUES ('200090031600', '100010009700', '84.592');
INSERT INTO `distance` VALUES ('200090031600', '100350000002', '248.217');
INSERT INTO `distance` VALUES ('200090031600', '100420000011', '248.854');
INSERT INTO `distance` VALUES ('200090031600', '100500000010', '334.965');
INSERT INTO `distance` VALUES ('200090031600', '100500000011', '303.625');
INSERT INTO `distance` VALUES ('200090031600', '100510000005', '292.560');
INSERT INTO `distance` VALUES ('200090031600', '101041649001', '214.238');
INSERT INTO `distance` VALUES ('200090031600', '101041794960', '321.304');
INSERT INTO `distance` VALUES ('200090031600', '101041995400', '436.122');
INSERT INTO `distance` VALUES ('200090031600', '103200087200', '119.382');
INSERT INTO `distance` VALUES ('200090031600', '103200361700', '188.679');
INSERT INTO `distance` VALUES ('200090031600', '103200495800', '291.039');
INSERT INTO `distance` VALUES ('200090031600', '103201421250', '38.575');
INSERT INTO `distance` VALUES ('200090031600', '103300000002', '323.168');
INSERT INTO `distance` VALUES ('200090031600', '103300000003', '285.566');
INSERT INTO `distance` VALUES ('200090031600', '103300000004', '323.434');
INSERT INTO `distance` VALUES ('200090031600', '103300000005', '327.051');
INSERT INTO `distance` VALUES ('200090031600', '103300000006', '359.860');
INSERT INTO `distance` VALUES ('200090031600', '103300000010', '276.763');
INSERT INTO `distance` VALUES ('200090031600', '103300041001', '372.303');
INSERT INTO `distance` VALUES ('200090031600', '103300169280', '269.123');
INSERT INTO `distance` VALUES ('200090031600', '200010019400', '34.425');
INSERT INTO `distance` VALUES ('200090031600', '200020097000', '163.050');
INSERT INTO `distance` VALUES ('200090031600', '200030032001', '85.058');
INSERT INTO `distance` VALUES ('200090031600', '200070000000', '82.855');
INSERT INTO `distance` VALUES ('200090031600', '200110068100', '87.427');
INSERT INTO `distance` VALUES ('200090031600', '200160090650', '138.380');
INSERT INTO `distance` VALUES ('200090031600', '200170037550', '330.249');
INSERT INTO `distance` VALUES ('200090031600', '200180030200', '171.991');
INSERT INTO `distance` VALUES ('200090031600', '200370010500', '175.559');
INSERT INTO `distance` VALUES ('200090031600', '200410111850', '313.006');
INSERT INTO `distance` VALUES ('200090031600', '200420000001', '256.228');
INSERT INTO `distance` VALUES ('200090031600', '200490000001', '324.199');
INSERT INTO `distance` VALUES ('200090031600', '200490013100', '361.615');
INSERT INTO `distance` VALUES ('200090031600', '200500037100', '278.782');
INSERT INTO `distance` VALUES ('200090031600', '200520000001', '436.810');
INSERT INTO `distance` VALUES ('200090031600', '200520097001', '476.554');
INSERT INTO `distance` VALUES ('200090031600', '200530000001', '458.920');
INSERT INTO `distance` VALUES ('200090031600', '200530168400', '453.610');
INSERT INTO `distance` VALUES ('200090031600', '200560087350', '453.077');
INSERT INTO `distance` VALUES ('200090031600', '330382005800', '361.221');
INSERT INTO `distance` VALUES ('200090031600', '330421000002', '119.382');
INSERT INTO `distance` VALUES ('200090031600', '330421000003', '113.600');
INSERT INTO `distance` VALUES ('200090031600', '330482000001', '152.208');
INSERT INTO `distance` VALUES ('200090031600', '330482000002', '148.977');
INSERT INTO `distance` VALUES ('200090031600', '330482000003', '149.285');
INSERT INTO `distance` VALUES ('200090031600', '330503000001', '70.906');
INSERT INTO `distance` VALUES ('200090031600', '330522000001', '85.789');
INSERT INTO `distance` VALUES ('200090031600', '330921000002', '281.012');
INSERT INTO `distance` VALUES ('200090031600', '339906000002', '133.836');
INSERT INTO `distance` VALUES ('200090031600', '600050000001', '377.963');
INSERT INTO `distance` VALUES ('200090031600', '600070000001', '288.858');
INSERT INTO `distance` VALUES ('200090031600', '600110000009', '319.437');
INSERT INTO `distance` VALUES ('200090031600', '600140000001', '377.683');
INSERT INTO `distance` VALUES ('200090031600', '600150000001', '491.036');
INSERT INTO `distance` VALUES ('200090031600', '600500021001', '426.050');
INSERT INTO `distance` VALUES ('200110068100', '100010009700', '72.854');
INSERT INTO `distance` VALUES ('200110068100', '100500000011', '341.445');
INSERT INTO `distance` VALUES ('200110068100', '101041649001', '270.422');
INSERT INTO `distance` VALUES ('200110068100', '103300000003', '329.460');
INSERT INTO `distance` VALUES ('200110068100', '103300000010', '320.656');
INSERT INTO `distance` VALUES ('200110068100', '200160090650', '62.707');
INSERT INTO `distance` VALUES ('200110068100', '200370010500', '231.744');
INSERT INTO `distance` VALUES ('200110068100', '200500037100', '316.602');
INSERT INTO `distance` VALUES ('200110068100', '330382005800', '417.405');
INSERT INTO `distance` VALUES ('200110068100', '600110000009', '357.257');
INSERT INTO `distance` VALUES ('200160090650', '100010009700', '135.577');
INSERT INTO `distance` VALUES ('200160090650', '100500000011', '275.577');
INSERT INTO `distance` VALUES ('200160090650', '101041649001', '303.926');
INSERT INTO `distance` VALUES ('200160090650', '103300000003', '341.619');
INSERT INTO `distance` VALUES ('200160090650', '103300000010', '332.815');
INSERT INTO `distance` VALUES ('200160090650', '200370010500', '265.248');
INSERT INTO `distance` VALUES ('200160090650', '200500037100', '250.734');
INSERT INTO `distance` VALUES ('200160090650', '330382005800', '426.474');
INSERT INTO `distance` VALUES ('200160090650', '600110000009', '291.389');
INSERT INTO `distance` VALUES ('200170037550', '100010009700', '399.839');
INSERT INTO `distance` VALUES ('200170037550', '100350000002', '246.785');
INSERT INTO `distance` VALUES ('200170037550', '100420000011', '247.422');
INSERT INTO `distance` VALUES ('200170037550', '100500000010', '207.941');
INSERT INTO `distance` VALUES ('200170037550', '100500000011', '176.601');
INSERT INTO `distance` VALUES ('200170037550', '101041649001', '340.074');
INSERT INTO `distance` VALUES ('200170037550', '101041995400', '437.550');
INSERT INTO `distance` VALUES ('200170037550', '103200361700', '143.308');
INSERT INTO `distance` VALUES ('200170037550', '103300000003', '248.224');
INSERT INTO `distance` VALUES ('200170037550', '103300000004', '262.574');
INSERT INTO `distance` VALUES ('200170037550', '103300000005', '252.480');
INSERT INTO `distance` VALUES ('200170037550', '103300000006', '285.289');
INSERT INTO `distance` VALUES ('200170037550', '103300000010', '239.420');
INSERT INTO `distance` VALUES ('200170037550', '200020097000', '206.933');
INSERT INTO `distance` VALUES ('200170037550', '200030032001', '292.313');
INSERT INTO `distance` VALUES ('200170037550', '200110068100', '370.323');
INSERT INTO `distance` VALUES ('200170037550', '200160090650', '282.338');
INSERT INTO `distance` VALUES ('200170037550', '200370010500', '279.738');
INSERT INTO `distance` VALUES ('200170037550', '200420000001', '249.697');
INSERT INTO `distance` VALUES ('200170037550', '200490000001', '263.339');
INSERT INTO `distance` VALUES ('200170037550', '200500037100', '151.758');
INSERT INTO `distance` VALUES ('200170037550', '200520000001', '309.785');
INSERT INTO `distance` VALUES ('200170037550', '200520097001', '349.530');
INSERT INTO `distance` VALUES ('200170037550', '330382005800', '390.750');
INSERT INTO `distance` VALUES ('200170037550', '330421000002', '424.905');
INSERT INTO `distance` VALUES ('200170037550', '330503000001', '387.189');
INSERT INTO `distance` VALUES ('200170037550', '339906000002', '422.870');
INSERT INTO `distance` VALUES ('200170037550', '600050000001', '303.392');
INSERT INTO `distance` VALUES ('200170037550', '600110000009', '192.413');
INSERT INTO `distance` VALUES ('200170037550', '600140000001', '303.112');
INSERT INTO `distance` VALUES ('200180030200', '100010000000', '281.452');
INSERT INTO `distance` VALUES ('200180030200', '100010009700', '240.045');
INSERT INTO `distance` VALUES ('200180030200', '100350000002', '337.417');
INSERT INTO `distance` VALUES ('200180030200', '100420000011', '338.054');
INSERT INTO `distance` VALUES ('200180030200', '100500000010', '340.373');
INSERT INTO `distance` VALUES ('200180030200', '100500000011', '309.033');
INSERT INTO `distance` VALUES ('200180030200', '100510000005', '297.967');
INSERT INTO `distance` VALUES ('200180030200', '101041649001', '337.074');
INSERT INTO `distance` VALUES ('200180030200', '101041794960', '444.140');
INSERT INTO `distance` VALUES ('200180030200', '101041995400', '525.322');
INSERT INTO `distance` VALUES ('200180030200', '103200087200', '265.112');
INSERT INTO `distance` VALUES ('200180030200', '103200361700', '194.086');
INSERT INTO `distance` VALUES ('200180030200', '103200495800', '280.008');
INSERT INTO `distance` VALUES ('200180030200', '103201421250', '150.277');
INSERT INTO `distance` VALUES ('200180030200', '103300000002', '412.368');
INSERT INTO `distance` VALUES ('200180030200', '103300000003', '374.766');
INSERT INTO `distance` VALUES ('200180030200', '103300000004', '412.634');
INSERT INTO `distance` VALUES ('200180030200', '103300000005', '384.912');
INSERT INTO `distance` VALUES ('200180030200', '103300000006', '417.721');
INSERT INTO `distance` VALUES ('200180030200', '103300000010', '365.963');
INSERT INTO `distance` VALUES ('200180030200', '103300041001', '461.503');
INSERT INTO `distance` VALUES ('200180030200', '103300169280', '358.323');
INSERT INTO `distance` VALUES ('200180030200', '200010019400', '175.401');
INSERT INTO `distance` VALUES ('200180030200', '200020097000', '62.233');
INSERT INTO `distance` VALUES ('200180030200', '200030032001', '162.635');
INSERT INTO `distance` VALUES ('200180030200', '200110068100', '102.865');
INSERT INTO `distance` VALUES ('200180030200', '200160090650', '88.795');
INSERT INTO `distance` VALUES ('200180030200', '200170037550', '264.731');
INSERT INTO `distance` VALUES ('200180030200', '200370010500', '298.395');
INSERT INTO `distance` VALUES ('200180030200', '200410111850', '402.206');
INSERT INTO `distance` VALUES ('200180030200', '200420000001', '345.428');
INSERT INTO `distance` VALUES ('200180030200', '200490000001', '413.399');
INSERT INTO `distance` VALUES ('200180030200', '200490013100', '450.815');
INSERT INTO `distance` VALUES ('200180030200', '200500037100', '284.190');
INSERT INTO `distance` VALUES ('200180030200', '200520000001', '442.217');
INSERT INTO `distance` VALUES ('200180030200', '200520097001', '481.962');
INSERT INTO `distance` VALUES ('200180030200', '200530000001', '453.927');
INSERT INTO `distance` VALUES ('200180030200', '200530168400', '442.403');
INSERT INTO `distance` VALUES ('200180030200', '200560087350', '542.277');
INSERT INTO `distance` VALUES ('200180030200', '330382005800', '459.622');
INSERT INTO `distance` VALUES ('200180030200', '330421000002', '265.112');
INSERT INTO `distance` VALUES ('200180030200', '330421000003', '270.090');
INSERT INTO `distance` VALUES ('200180030200', '330482000001', '281.448');
INSERT INTO `distance` VALUES ('200180030200', '330482000003', '278.525');
INSERT INTO `distance` VALUES ('200180030200', '330503000001', '227.396');
INSERT INTO `distance` VALUES ('200180030200', '330522000001', '241.242');
INSERT INTO `distance` VALUES ('200180030200', '339906000002', '263.076');
INSERT INTO `distance` VALUES ('200180030200', '600050000001', '435.824');
INSERT INTO `distance` VALUES ('200180030200', '600070000001', '378.058');
INSERT INTO `distance` VALUES ('200180030200', '600110000009', '324.845');
INSERT INTO `distance` VALUES ('200180030200', '600140000001', '435.544');
INSERT INTO `distance` VALUES ('200180030200', '600150000001', '487.074');
INSERT INTO `distance` VALUES ('200180030200', '600500021001', '483.911');
INSERT INTO `distance` VALUES ('200370010500', '100500000011', '253.087');
INSERT INTO `distance` VALUES ('200370010500', '101041649001', '64.735');
INSERT INTO `distance` VALUES ('200370010500', '103300000003', '151.032');
INSERT INTO `distance` VALUES ('200370010500', '103300000010', '142.229');
INSERT INTO `distance` VALUES ('200370010500', '200500037100', '228.244');
INSERT INTO `distance` VALUES ('200370010500', '330382005800', '211.718');
INSERT INTO `distance` VALUES ('200370010500', '600110000009', '268.899');
INSERT INTO `distance` VALUES ('200410111850', '100010000000', '380.138');
INSERT INTO `distance` VALUES ('200410111850', '100010009700', '386.116');
INSERT INTO `distance` VALUES ('200410111850', '100350000002', '113.489');
INSERT INTO `distance` VALUES ('200410111850', '100420000011', '114.126');
INSERT INTO `distance` VALUES ('200410111850', '100500000010', '177.645');
INSERT INTO `distance` VALUES ('200410111850', '100500000011', '209.615');
INSERT INTO `distance` VALUES ('200410111850', '101041649001', '180.826');
INSERT INTO `distance` VALUES ('200410111850', '101041794960', '115.776');
INSERT INTO `distance` VALUES ('200410111850', '101041995400', '137.177');
INSERT INTO `distance` VALUES ('200410111850', '103200087200', '365.328');
INSERT INTO `distance` VALUES ('200410111850', '103200361700', '251.154');
INSERT INTO `distance` VALUES ('200410111850', '103201421250', '296.715');
INSERT INTO `distance` VALUES ('200410111850', '103300000003', '149.763');
INSERT INTO `distance` VALUES ('200410111850', '103300000004', '152.834');
INSERT INTO `distance` VALUES ('200410111850', '103300000005', '131.075');
INSERT INTO `distance` VALUES ('200410111850', '103300000006', '98.705');
INSERT INTO `distance` VALUES ('200410111850', '103300000010', '140.960');
INSERT INTO `distance` VALUES ('200410111850', '103300041001', '73.358');
INSERT INTO `distance` VALUES ('200410111850', '103300169280', '131.687');
INSERT INTO `distance` VALUES ('200410111850', '200010019400', '285.021');
INSERT INTO `distance` VALUES ('200410111850', '200020097000', '392.937');
INSERT INTO `distance` VALUES ('200410111850', '200030032001', '242.565');
INSERT INTO `distance` VALUES ('200410111850', '200110068100', '356.967');
INSERT INTO `distance` VALUES ('200410111850', '200160090650', '368.267');
INSERT INTO `distance` VALUES ('200410111850', '200170037550', '347.672');
INSERT INTO `distance` VALUES ('200410111850', '200370010500', '190.267');
INSERT INTO `distance` VALUES ('200410111850', '200420000001', '121.501');
INSERT INTO `distance` VALUES ('200410111850', '200490000001', '153.599');
INSERT INTO `distance` VALUES ('200410111850', '200490013100', '62.670');
INSERT INTO `distance` VALUES ('200410111850', '200500037100', '236.198');
INSERT INTO `distance` VALUES ('200410111850', '200520000001', '246.853');
INSERT INTO `distance` VALUES ('200410111850', '200520097001', '203.438');
INSERT INTO `distance` VALUES ('200410111850', '200560087350', '154.132');
INSERT INTO `distance` VALUES ('200410111850', '330382005800', '71.477');
INSERT INTO `distance` VALUES ('200410111850', '330421000002', '365.328');
INSERT INTO `distance` VALUES ('200410111850', '330421000003', '384.409');
INSERT INTO `distance` VALUES ('200410111850', '330482000001', '380.135');
INSERT INTO `distance` VALUES ('200410111850', '330482000003', '377.212');
INSERT INTO `distance` VALUES ('200410111850', '330503000001', '367.351');
INSERT INTO `distance` VALUES ('200410111850', '330522000001', '387.313');
INSERT INTO `distance` VALUES ('200410111850', '339906000002', '363.293');
INSERT INTO `distance` VALUES ('200410111850', '600050000001', '82.955');
INSERT INTO `distance` VALUES ('200410111850', '600110000009', '197.265');
INSERT INTO `distance` VALUES ('200410111850', '600140000001', '83.838');
INSERT INTO `distance` VALUES ('200410111850', '600150000001', '301.079');
INSERT INTO `distance` VALUES ('200410111850', '600500021001', '124.956');
INSERT INTO `distance` VALUES ('200420000001', '100010009700', '330.707');
INSERT INTO `distance` VALUES ('200420000001', '100350000002', '9.916');
INSERT INTO `distance` VALUES ('200420000001', '100420000011', '10.554');
INSERT INTO `distance` VALUES ('200420000001', '100500000010', '110.252');
INSERT INTO `distance` VALUES ('200420000001', '100500000011', '142.222');
INSERT INTO `distance` VALUES ('200420000001', '101041649001', '163.584');
INSERT INTO `distance` VALUES ('200420000001', '101041995400', '245.110');
INSERT INTO `distance` VALUES ('200420000001', '103200361700', '150.021');
INSERT INTO `distance` VALUES ('200420000001', '103300000003', '22.450');
INSERT INTO `distance` VALUES ('200420000001', '103300000004', '48.977');
INSERT INTO `distance` VALUES ('200420000001', '103300000005', '76.333');
INSERT INTO `distance` VALUES ('200420000001', '103300000006', '109.142');
INSERT INTO `distance` VALUES ('200420000001', '103300000010', '21.745');
INSERT INTO `distance` VALUES ('200420000001', '200030032001', '187.156');
INSERT INTO `distance` VALUES ('200420000001', '200110068100', '301.558');
INSERT INTO `distance` VALUES ('200420000001', '200160090650', '312.858');
INSERT INTO `distance` VALUES ('200420000001', '200370010500', '134.859');
INSERT INTO `distance` VALUES ('200420000001', '200500037100', '168.806');
INSERT INTO `distance` VALUES ('200420000001', '330382005800', '179.410');
INSERT INTO `distance` VALUES ('200420000001', '330421000002', '309.919');
INSERT INTO `distance` VALUES ('200420000001', '330503000001', '311.942');
INSERT INTO `distance` VALUES ('200420000001', '339906000002', '307.884');
INSERT INTO `distance` VALUES ('200420000001', '600050000001', '127.245');
INSERT INTO `distance` VALUES ('200420000001', '600110000009', '129.872');
INSERT INTO `distance` VALUES ('200420000005', '100010000000', '349.009');
INSERT INTO `distance` VALUES ('200420000005', '100010009700', '354.987');
INSERT INTO `distance` VALUES ('200420000005', '100350000002', '26.628');
INSERT INTO `distance` VALUES ('200420000005', '100420000011', '27.266');
INSERT INTO `distance` VALUES ('200420000005', '100440000001', '132.846');
INSERT INTO `distance` VALUES ('200420000005', '100500000008', '147.061');
INSERT INTO `distance` VALUES ('200420000005', '100500000010', '105.164');
INSERT INTO `distance` VALUES ('200420000005', '100500000011', '137.133');
INSERT INTO `distance` VALUES ('200420000005', '100510000005', '159.515');
INSERT INTO `distance` VALUES ('200420000005', '101041649001', '188.496');
INSERT INTO `distance` VALUES ('200420000005', '101041794960', '192.024');
INSERT INTO `distance` VALUES ('200420000005', '101041995400', '256.315');
INSERT INTO `distance` VALUES ('200420000005', '103200087200', '334.199');
INSERT INTO `distance` VALUES ('200420000005', '103200361700', '147.523');
INSERT INTO `distance` VALUES ('200420000005', '103200495800', '204.832');
INSERT INTO `distance` VALUES ('200420000005', '103201421250', '265.586');
INSERT INTO `distance` VALUES ('200420000005', '103300000002', '40.039');
INSERT INTO `distance` VALUES ('200420000005', '103300000003', '7.520');
INSERT INTO `distance` VALUES ('200420000005', '103300000004', '34.048');
INSERT INTO `distance` VALUES ('200420000005', '103300000005', '71.244');
INSERT INTO `distance` VALUES ('200420000005', '103300000006', '104.053');
INSERT INTO `distance` VALUES ('200420000005', '103300000007', '114.856');
INSERT INTO `distance` VALUES ('200420000005', '103300000010', '5.592');
INSERT INTO `distance` VALUES ('200420000005', '103300041001', '156.223');
INSERT INTO `distance` VALUES ('200420000005', '103300169280', '16.347');
INSERT INTO `distance` VALUES ('200420000005', '200010019400', '253.892');
INSERT INTO `distance` VALUES ('200420000005', '200020097000', '361.808');
INSERT INTO `distance` VALUES ('200420000005', '200030032001', '211.436');
INSERT INTO `distance` VALUES ('200420000005', '200030053800', '193.205');
INSERT INTO `distance` VALUES ('200420000005', '200070000000', '331.038');
INSERT INTO `distance` VALUES ('200420000005', '200090031600', '280.420');
INSERT INTO `distance` VALUES ('200420000005', '200110068100', '325.838');
INSERT INTO `distance` VALUES ('200420000005', '200160090650', '337.138');
INSERT INTO `distance` VALUES ('200420000005', '200170037550', '244.041');
INSERT INTO `distance` VALUES ('200420000005', '200180030200', '370.749');
INSERT INTO `distance` VALUES ('200420000005', '200370010500', '146.817');
INSERT INTO `distance` VALUES ('200420000005', '200410111850', '146.906');
INSERT INTO `distance` VALUES ('200420000005', '200420000001', '16.712');
INSERT INTO `distance` VALUES ('200420000005', '200490000001', '32.438');
INSERT INTO `distance` VALUES ('200420000005', '200490000002', '127.529');
INSERT INTO `distance` VALUES ('200420000005', '200490013100', '143.315');
INSERT INTO `distance` VALUES ('200420000005', '200500037100', '163.717');
INSERT INTO `distance` VALUES ('200420000005', '200520000001', '174.372');
INSERT INTO `distance` VALUES ('200420000005', '200520097001', '214.117');
INSERT INTO `distance` VALUES ('200420000005', '200530000001', '196.483');
INSERT INTO `distance` VALUES ('200420000005', '200530168400', '208.007');
INSERT INTO `distance` VALUES ('200420000005', '200560087350', '273.270');
INSERT INTO `distance` VALUES ('200420000005', '330382005800', '204.321');
INSERT INTO `distance` VALUES ('200420000005', '330382022900', '199.182');
INSERT INTO `distance` VALUES ('200420000005', '330421000002', '334.199');
INSERT INTO `distance` VALUES ('200420000005', '330421000003', '353.280');
INSERT INTO `distance` VALUES ('200420000005', '330482000001', '349.006');
INSERT INTO `distance` VALUES ('200420000005', '330482000002', '345.775');
INSERT INTO `distance` VALUES ('200420000005', '330482000003', '346.083');
INSERT INTO `distance` VALUES ('200420000005', '330503000001', '336.222');
INSERT INTO `distance` VALUES ('200420000005', '330522000001', '356.184');
INSERT INTO `distance` VALUES ('200420000005', '330921000002', '391.310');
INSERT INTO `distance` VALUES ('200420000005', '339906000002', '332.163');
INSERT INTO `distance` VALUES ('200420000005', '600040000002', '39.882');
INSERT INTO `distance` VALUES ('200420000005', '600050000001', '122.157');
INSERT INTO `distance` VALUES ('200420000005', '600060000001', '38.751');
INSERT INTO `distance` VALUES ('200420000005', '600070000001', '7.101');
INSERT INTO `distance` VALUES ('200420000005', '600080000001', '1.736');
INSERT INTO `distance` VALUES ('200420000005', '600110000009', '124.783');
INSERT INTO `distance` VALUES ('200420000005', '600120000001', '38.267');
INSERT INTO `distance` VALUES ('200420000005', '600120000002', '38.755');
INSERT INTO `distance` VALUES ('200420000005', '600140000001', '121.876');
INSERT INTO `distance` VALUES ('200420000005', '600150000001', '228.598');
INSERT INTO `distance` VALUES ('200420000005', '600500021001', '170.243');
INSERT INTO `distance` VALUES ('200490000001', '100010009700', '397.326');
INSERT INTO `distance` VALUES ('200490000001', '100350000002', '57.340');
INSERT INTO `distance` VALUES ('200490000001', '100420000011', '57.977');
INSERT INTO `distance` VALUES ('200490000001', '100500000010', '51.172');
INSERT INTO `distance` VALUES ('200490000001', '100500000011', '90.941');
INSERT INTO `distance` VALUES ('200490000001', '101041649001', '230.835');
INSERT INTO `distance` VALUES ('200490000001', '101041995400', '204.225');
INSERT INTO `distance` VALUES ('200490000001', '103200361700', '202.188');
INSERT INTO `distance` VALUES ('200490000001', '103300000003', '25.140');
INSERT INTO `distance` VALUES ('200490000001', '103300000004', '1.610');
INSERT INTO `distance` VALUES ('200490000001', '103300000005', '18.631');
INSERT INTO `distance` VALUES ('200490000001', '103300000006', '51.964');
INSERT INTO `distance` VALUES ('200490000001', '103300000010', '34.454');
INSERT INTO `distance` VALUES ('200490000001', '200030032001', '253.775');
INSERT INTO `distance` VALUES ('200490000001', '200110068100', '368.177');
INSERT INTO `distance` VALUES ('200490000001', '200160090650', '379.477');
INSERT INTO `distance` VALUES ('200490000001', '200370010500', '175.679');
INSERT INTO `distance` VALUES ('200490000001', '200420000001', '47.423');
INSERT INTO `distance` VALUES ('200490000001', '200500037100', '117.525');
INSERT INTO `distance` VALUES ('200490000001', '330382005800', '157.425');
INSERT INTO `distance` VALUES ('200490000001', '330421000002', '376.538');
INSERT INTO `distance` VALUES ('200490000001', '330503000001', '378.561');
INSERT INTO `distance` VALUES ('200490000001', '339906000002', '374.503');
INSERT INTO `distance` VALUES ('200490000001', '600050000001', '70.067');
INSERT INTO `distance` VALUES ('200490000001', '600110000009', '78.591');
INSERT INTO `distance` VALUES ('200490000002', '100010000000', '440.977');
INSERT INTO `distance` VALUES ('200490000002', '100010009700', '446.955');
INSERT INTO `distance` VALUES ('200490000002', '100350000002', '147.570');
INSERT INTO `distance` VALUES ('200490000002', '100420000011', '148.208');
INSERT INTO `distance` VALUES ('200490000002', '100440000001', '132.302');
INSERT INTO `distance` VALUES ('200490000002', '100500000008', '146.516');
INSERT INTO `distance` VALUES ('200490000002', '100500000010', '104.619');
INSERT INTO `distance` VALUES ('200490000002', '100500000011', '136.589');
INSERT INTO `distance` VALUES ('200490000002', '100510000005', '158.970');
INSERT INTO `distance` VALUES ('200490000002', '101041649001', '240.111');
INSERT INTO `distance` VALUES ('200490000002', '101041794960', '127.995');
INSERT INTO `distance` VALUES ('200490000002', '101041995400', '130.496');
INSERT INTO `distance` VALUES ('200490000002', '103200087200', '426.167');
INSERT INTO `distance` VALUES ('200490000002', '103200361700', '247.835');
INSERT INTO `distance` VALUES ('200490000002', '103200495800', '269.765');
INSERT INTO `distance` VALUES ('200490000002', '103201421250', '357.554');
INSERT INTO `distance` VALUES ('200490000002', '103300000002', '67.736');
INSERT INTO `distance` VALUES ('200490000002', '103300000003', '105.713');
INSERT INTO `distance` VALUES ('200490000002', '103300000004', '79.808');
INSERT INTO `distance` VALUES ('200490000002', '103300000005', '58.049');
INSERT INTO `distance` VALUES ('200490000002', '103300000006', '25.679');
INSERT INTO `distance` VALUES ('200490000002', '103300000007', '16.154');
INSERT INTO `distance` VALUES ('200490000002', '103300000010', '121.774');
INSERT INTO `distance` VALUES ('200490000002', '103300041001', '30.404');
INSERT INTO `distance` VALUES ('200490000002', '103300169280', '122.217');
INSERT INTO `distance` VALUES ('200490000002', '200010019400', '345.860');
INSERT INTO `distance` VALUES ('200490000002', '200020097000', '454.041');
INSERT INTO `distance` VALUES ('200490000002', '200030032001', '303.404');
INSERT INTO `distance` VALUES ('200490000002', '200030053800', '285.172');
INSERT INTO `distance` VALUES ('200490000002', '200070000000', '423.006');
INSERT INTO `distance` VALUES ('200490000002', '200090031600', '372.388');
INSERT INTO `distance` VALUES ('200490000002', '200110068100', '417.806');
INSERT INTO `distance` VALUES ('200490000002', '200160090650', '406.687');
INSERT INTO `distance` VALUES ('200490000002', '200170037550', '308.974');
INSERT INTO `distance` VALUES ('200490000002', '200180030200', '440.951');
INSERT INTO `distance` VALUES ('200490000002', '200370010500', '251.106');
INSERT INTO `distance` VALUES ('200490000002', '200410111850', '75.208');
INSERT INTO `distance` VALUES ('200490000002', '200420000001', '132.050');
INSERT INTO `distance` VALUES ('200490000002', '200490000001', '80.573');
INSERT INTO `distance` VALUES ('200490000002', '200490013100', '17.496');
INSERT INTO `distance` VALUES ('200490000002', '200500037100', '163.172');
INSERT INTO `distance` VALUES ('200490000002', '200520000001', '173.827');
INSERT INTO `distance` VALUES ('200490000002', '200520097001', '196.757');
INSERT INTO `distance` VALUES ('200490000002', '200530000001', '195.938');
INSERT INTO `distance` VALUES ('200490000002', '200530168400', '207.462');
INSERT INTO `distance` VALUES ('200490000002', '200560087350', '147.451');
INSERT INTO `distance` VALUES ('200490000002', '330382005800', '83.696');
INSERT INTO `distance` VALUES ('200490000002', '330382022900', '78.557');
INSERT INTO `distance` VALUES ('200490000002', '330421000002', '426.167');
INSERT INTO `distance` VALUES ('200490000002', '330421000003', '445.248');
INSERT INTO `distance` VALUES ('200490000002', '330482000001', '440.973');
INSERT INTO `distance` VALUES ('200490000002', '330482000002', '437.743');
INSERT INTO `distance` VALUES ('200490000002', '330482000003', '438.050');
INSERT INTO `distance` VALUES ('200490000002', '330503000001', '428.190');
INSERT INTO `distance` VALUES ('200490000002', '330522000001', '448.152');
INSERT INTO `distance` VALUES ('200490000002', '330921000002', '446.816');
INSERT INTO `distance` VALUES ('200490000002', '339906000002', '424.131');
INSERT INTO `distance` VALUES ('200490000002', '600040000002', '70.563');
INSERT INTO `distance` VALUES ('200490000002', '600050000001', '8.853');
INSERT INTO `distance` VALUES ('200490000002', '600060000001', '70.537');
INSERT INTO `distance` VALUES ('200490000002', '600070000001', '133.869');
INSERT INTO `distance` VALUES ('200490000002', '600110000009', '124.239');
INSERT INTO `distance` VALUES ('200490000002', '600120000001', '75.769');
INSERT INTO `distance` VALUES ('200490000002', '600120000002', '76.166');
INSERT INTO `distance` VALUES ('200490000002', '600140000001', '9.736');
INSERT INTO `distance` VALUES ('200490000002', '600150000001', '228.054');
INSERT INTO `distance` VALUES ('200490000002', '600500021001', '50.902');
INSERT INTO `distance` VALUES ('200490013100', '100010009700', '435.012');
INSERT INTO `distance` VALUES ('200490013100', '100350000002', '164.342');
INSERT INTO `distance` VALUES ('200490013100', '100420000011', '164.979');
INSERT INTO `distance` VALUES ('200490013100', '100500000010', '121.391');
INSERT INTO `distance` VALUES ('200490013100', '100500000011', '153.360');
INSERT INTO `distance` VALUES ('200490013100', '101041649001', '228.168');
INSERT INTO `distance` VALUES ('200490013100', '101041794960', '116.052');
INSERT INTO `distance` VALUES ('200490013100', '101041995400', '118.553');
INSERT INTO `distance` VALUES ('200490013100', '103200361700', '264.607');
INSERT INTO `distance` VALUES ('200490013100', '103300000003', '122.484');
INSERT INTO `distance` VALUES ('200490013100', '103300000004', '96.580');
INSERT INTO `distance` VALUES ('200490013100', '103300000005', '74.821');
INSERT INTO `distance` VALUES ('200490013100', '103300000006', '42.451');
INSERT INTO `distance` VALUES ('200490013100', '103300000010', '138.545');
INSERT INTO `distance` VALUES ('200490013100', '103300169280', '138.989');
INSERT INTO `distance` VALUES ('200490013100', '200010019400', '333.916');
INSERT INTO `distance` VALUES ('200490013100', '200020097000', '441.833');
INSERT INTO `distance` VALUES ('200490013100', '200030032001', '291.461');
INSERT INTO `distance` VALUES ('200490013100', '200110068100', '405.863');
INSERT INTO `distance` VALUES ('200490013100', '200160090650', '417.162');
INSERT INTO `distance` VALUES ('200490013100', '200170037550', '325.746');
INSERT INTO `distance` VALUES ('200490013100', '200370010500', '239.163');
INSERT INTO `distance` VALUES ('200490013100', '200420000001', '148.822');
INSERT INTO `distance` VALUES ('200490013100', '200490000001', '97.345');
INSERT INTO `distance` VALUES ('200490013100', '200500037100', '179.944');
INSERT INTO `distance` VALUES ('200490013100', '200520000001', '190.599');
INSERT INTO `distance` VALUES ('200490013100', '200520097001', '184.814');
INSERT INTO `distance` VALUES ('200490013100', '330382005800', '71.753');
INSERT INTO `distance` VALUES ('200490013100', '330421000002', '414.223');
INSERT INTO `distance` VALUES ('200490013100', '330503000001', '416.247');
INSERT INTO `distance` VALUES ('200490013100', '339906000002', '412.188');
INSERT INTO `distance` VALUES ('200490013100', '600050000001', '26.700');
INSERT INTO `distance` VALUES ('200490013100', '600110000009', '141.010');
INSERT INTO `distance` VALUES ('200490013100', '600140000001', '27.584');
INSERT INTO `distance` VALUES ('200500037100', '100500000011', '24.843');
INSERT INTO `distance` VALUES ('200500037100', '101041649001', '312.698');
INSERT INTO `distance` VALUES ('200500037100', '103300000003', '136.721');
INSERT INTO `distance` VALUES ('200500037100', '103300000010', '152.782');
INSERT INTO `distance` VALUES ('200500037100', '330382005800', '238.992');
INSERT INTO `distance` VALUES ('200500037100', '600110000009', '40.655');
INSERT INTO `distance` VALUES ('200520000001', '100010009700', '506.344');
INSERT INTO `distance` VALUES ('200520000001', '100350000002', '195.734');
INSERT INTO `distance` VALUES ('200520000001', '100420000011', '196.371');
INSERT INTO `distance` VALUES ('200520000001', '100500000010', '106.597');
INSERT INTO `distance` VALUES ('200520000001', '100500000011', '138.567');
INSERT INTO `distance` VALUES ('200520000001', '101041649001', '338.298');
INSERT INTO `distance` VALUES ('200520000001', '101041995400', '103.032');
INSERT INTO `distance` VALUES ('200520000001', '103200361700', '249.813');
INSERT INTO `distance` VALUES ('200520000001', '103300000003', '153.876');
INSERT INTO `distance` VALUES ('200520000001', '103300000004', '127.972');
INSERT INTO `distance` VALUES ('200520000001', '103300000005', '117.877');
INSERT INTO `distance` VALUES ('200520000001', '103300000006', '150.687');
INSERT INTO `distance` VALUES ('200520000001', '103300000010', '169.937');
INSERT INTO `distance` VALUES ('200520000001', '200030032001', '361.238');
INSERT INTO `distance` VALUES ('200520000001', '200110068100', '476.828');
INSERT INTO `distance` VALUES ('200520000001', '200160090650', '408.665');
INSERT INTO `distance` VALUES ('200520000001', '200370010500', '346.199');
INSERT INTO `distance` VALUES ('200520000001', '200420000001', '180.214');
INSERT INTO `distance` VALUES ('200520000001', '200490000001', '128.737');
INSERT INTO `distance` VALUES ('200520000001', '200500037100', '165.150');
INSERT INTO `distance` VALUES ('200520000001', '330382005800', '193.883');
INSERT INTO `distance` VALUES ('200520000001', '330421000002', '484.001');
INSERT INTO `distance` VALUES ('200520000001', '330503000001', '493.695');
INSERT INTO `distance` VALUES ('200520000001', '339906000002', '481.965');
INSERT INTO `distance` VALUES ('200520000001', '600050000001', '168.790');
INSERT INTO `distance` VALUES ('200520000001', '600110000009', '126.217');
INSERT INTO `distance` VALUES ('200520097001', '100010009700', '546.089');
INSERT INTO `distance` VALUES ('200520097001', '100350000002', '235.478');
INSERT INTO `distance` VALUES ('200520097001', '100420000011', '236.116');
INSERT INTO `distance` VALUES ('200520097001', '100500000010', '146.342');
INSERT INTO `distance` VALUES ('200520097001', '100500000011', '178.311');
INSERT INTO `distance` VALUES ('200520097001', '101041649001', '342.068');
INSERT INTO `distance` VALUES ('200520097001', '101041995400', '67.359');
INSERT INTO `distance` VALUES ('200520097001', '103200361700', '289.558');
INSERT INTO `distance` VALUES ('200520097001', '103300000003', '193.621');
INSERT INTO `distance` VALUES ('200520097001', '103300000004', '167.716');
INSERT INTO `distance` VALUES ('200520097001', '103300000005', '157.622');
INSERT INTO `distance` VALUES ('200520097001', '103300000006', '190.432');
INSERT INTO `distance` VALUES ('200520097001', '103300000010', '209.682');
INSERT INTO `distance` VALUES ('200520097001', '200030032001', '400.983');
INSERT INTO `distance` VALUES ('200520097001', '200110068100', '516.573');
INSERT INTO `distance` VALUES ('200520097001', '200160090650', '448.410');
INSERT INTO `distance` VALUES ('200520097001', '200370010500', '381.039');
INSERT INTO `distance` VALUES ('200520097001', '200420000001', '219.959');
INSERT INTO `distance` VALUES ('200520097001', '200490000001', '168.481');
INSERT INTO `distance` VALUES ('200520097001', '200500037100', '204.895');
INSERT INTO `distance` VALUES ('200520097001', '200520000001', '40.407');
INSERT INTO `distance` VALUES ('200520097001', '330382005800', '185.653');
INSERT INTO `distance` VALUES ('200520097001', '330421000002', '523.745');
INSERT INTO `distance` VALUES ('200520097001', '330503000001', '533.440');
INSERT INTO `distance` VALUES ('200520097001', '339906000002', '521.710');
INSERT INTO `distance` VALUES ('200520097001', '600050000001', '206.032');
INSERT INTO `distance` VALUES ('200520097001', '600110000009', '165.961');
INSERT INTO `distance` VALUES ('200520097001', '600140000001', '206.916');
INSERT INTO `distance` VALUES ('200530000001', '100010000000', '518.098');
INSERT INTO `distance` VALUES ('200530000001', '100010009700', '525.632');
INSERT INTO `distance` VALUES ('200530000001', '100350000002', '215.021');
INSERT INTO `distance` VALUES ('200530000001', '100420000011', '215.658');
INSERT INTO `distance` VALUES ('200530000001', '100500000010', '125.884');
INSERT INTO `distance` VALUES ('200530000001', '100500000011', '157.854');
INSERT INTO `distance` VALUES ('200530000001', '100510000005', '180.235');
INSERT INTO `distance` VALUES ('200530000001', '101041649001', '357.586');
INSERT INTO `distance` VALUES ('200530000001', '101041794960', '319.734');
INSERT INTO `distance` VALUES ('200530000001', '101041995400', '322.235');
INSERT INTO `distance` VALUES ('200530000001', '103200087200', '503.288');
INSERT INTO `distance` VALUES ('200530000001', '103200361700', '269.100');
INSERT INTO `distance` VALUES ('200530000001', '103201421250', '435.863');
INSERT INTO `distance` VALUES ('200530000001', '103300000002', '139.056');
INSERT INTO `distance` VALUES ('200530000001', '103300000003', '173.164');
INSERT INTO `distance` VALUES ('200530000001', '103300000004', '147.259');
INSERT INTO `distance` VALUES ('200530000001', '103300000005', '137.165');
INSERT INTO `distance` VALUES ('200530000001', '103300000006', '169.974');
INSERT INTO `distance` VALUES ('200530000001', '103300000010', '189.225');
INSERT INTO `distance` VALUES ('200530000001', '103300041001', '222.143');
INSERT INTO `distance` VALUES ('200530000001', '103300169280', '189.668');
INSERT INTO `distance` VALUES ('200530000001', '200010019400', '422.981');
INSERT INTO `distance` VALUES ('200530000001', '200020097000', '396.648');
INSERT INTO `distance` VALUES ('200530000001', '200030032001', '380.525');
INSERT INTO `distance` VALUES ('200530000001', '200110068100', '496.116');
INSERT INTO `distance` VALUES ('200530000001', '200160090650', '427.952');
INSERT INTO `distance` VALUES ('200530000001', '200170037550', '224.674');
INSERT INTO `distance` VALUES ('200530000001', '200370010500', '365.487');
INSERT INTO `distance` VALUES ('200530000001', '200410111850', '266.947');
INSERT INTO `distance` VALUES ('200530000001', '200420000001', '199.501');
INSERT INTO `distance` VALUES ('200530000001', '200490000001', '148.024');
INSERT INTO `distance` VALUES ('200530000001', '200490013100', '209.235');
INSERT INTO `distance` VALUES ('200530000001', '200500037100', '184.438');
INSERT INTO `distance` VALUES ('200530000001', '200520000001', '144.116');
INSERT INTO `distance` VALUES ('200530000001', '200520097001', '183.860');
INSERT INTO `distance` VALUES ('200530000001', '200560087350', '200.744');
INSERT INTO `distance` VALUES ('200530000001', '330382005800', '275.435');
INSERT INTO `distance` VALUES ('200530000001', '330421000002', '503.288');
INSERT INTO `distance` VALUES ('200530000001', '330421000003', '522.370');
INSERT INTO `distance` VALUES ('200530000001', '330482000001', '518.095');
INSERT INTO `distance` VALUES ('200530000001', '330482000003', '515.172');
INSERT INTO `distance` VALUES ('200530000001', '330503000001', '512.982');
INSERT INTO `distance` VALUES ('200530000001', '330522000001', '526.828');
INSERT INTO `distance` VALUES ('200530000001', '339906000002', '501.253');
INSERT INTO `distance` VALUES ('200530000001', '600050000001', '188.077');
INSERT INTO `distance` VALUES ('200530000001', '600110000009', '145.504');
INSERT INTO `distance` VALUES ('200530000001', '600140000001', '187.797');
INSERT INTO `distance` VALUES ('200530000001', '600150000001', '70.995');
INSERT INTO `distance` VALUES ('200530000001', '600500021001', '236.164');
INSERT INTO `distance` VALUES ('200530168400', '100010000000', '529.622');
INSERT INTO `distance` VALUES ('200530168400', '100010009700', '522.823');
INSERT INTO `distance` VALUES ('200530168400', '100350000002', '226.545');
INSERT INTO `distance` VALUES ('200530168400', '100420000011', '227.182');
INSERT INTO `distance` VALUES ('200530168400', '100500000010', '137.408');
INSERT INTO `distance` VALUES ('200530168400', '100500000011', '169.378');
INSERT INTO `distance` VALUES ('200530168400', '100510000005', '191.759');
INSERT INTO `distance` VALUES ('200530168400', '101041649001', '369.109');
INSERT INTO `distance` VALUES ('200530168400', '101041794960', '331.258');
INSERT INTO `distance` VALUES ('200530168400', '101041995400', '333.759');
INSERT INTO `distance` VALUES ('200530168400', '103200087200', '514.812');
INSERT INTO `distance` VALUES ('200530168400', '103200361700', '266.292');
INSERT INTO `distance` VALUES ('200530168400', '103201421250', '433.055');
INSERT INTO `distance` VALUES ('200530168400', '103300000002', '150.580');
INSERT INTO `distance` VALUES ('200530168400', '103300000003', '184.687');
INSERT INTO `distance` VALUES ('200530168400', '103300000004', '158.783');
INSERT INTO `distance` VALUES ('200530168400', '103300000005', '148.688');
INSERT INTO `distance` VALUES ('200530168400', '103300000006', '181.498');
INSERT INTO `distance` VALUES ('200530168400', '103300000010', '200.748');
INSERT INTO `distance` VALUES ('200530168400', '103300041001', '233.667');
INSERT INTO `distance` VALUES ('200530168400', '103300169280', '201.192');
INSERT INTO `distance` VALUES ('200530168400', '200010019400', '434.505');
INSERT INTO `distance` VALUES ('200530168400', '200020097000', '385.124');
INSERT INTO `distance` VALUES ('200530168400', '200030032001', '392.049');
INSERT INTO `distance` VALUES ('200530168400', '200110068100', '493.307');
INSERT INTO `distance` VALUES ('200530168400', '200160090650', '460.529');
INSERT INTO `distance` VALUES ('200530168400', '200170037550', '213.151');
INSERT INTO `distance` VALUES ('200530168400', '200370010500', '377.011');
INSERT INTO `distance` VALUES ('200530168400', '200410111850', '278.471');
INSERT INTO `distance` VALUES ('200530168400', '200420000001', '211.025');
INSERT INTO `distance` VALUES ('200530168400', '200490000001', '159.548');
INSERT INTO `distance` VALUES ('200530168400', '200490013100', '220.759');
INSERT INTO `distance` VALUES ('200530168400', '200500037100', '195.962');
INSERT INTO `distance` VALUES ('200530168400', '200520000001', '155.639');
INSERT INTO `distance` VALUES ('200530168400', '200520097001', '195.384');
INSERT INTO `distance` VALUES ('200530168400', '200530000001', '11.524');
INSERT INTO `distance` VALUES ('200530168400', '200560087350', '212.268');
INSERT INTO `distance` VALUES ('200530168400', '330382005800', '286.959');
INSERT INTO `distance` VALUES ('200530168400', '330421000002', '514.812');
INSERT INTO `distance` VALUES ('200530168400', '330421000003', '533.893');
INSERT INTO `distance` VALUES ('200530168400', '330482000001', '529.618');
INSERT INTO `distance` VALUES ('200530168400', '330482000003', '526.696');
INSERT INTO `distance` VALUES ('200530168400', '330503000001', '510.174');
INSERT INTO `distance` VALUES ('200530168400', '330522000001', '524.020');
INSERT INTO `distance` VALUES ('200530168400', '339906000002', '512.776');
INSERT INTO `distance` VALUES ('200530168400', '600050000001', '199.601');
INSERT INTO `distance` VALUES ('200530168400', '600070000001', '212.843');
INSERT INTO `distance` VALUES ('200530168400', '600110000009', '157.028');
INSERT INTO `distance` VALUES ('200530168400', '600140000001', '199.320');
INSERT INTO `distance` VALUES ('200530168400', '600150000001', '62.072');
INSERT INTO `distance` VALUES ('200530168400', '600500021001', '247.687');
INSERT INTO `distance` VALUES ('200540000000', '100010000000', '567.976');
INSERT INTO `distance` VALUES ('200540000000', '100010009700', '575.508');
INSERT INTO `distance` VALUES ('200540000000', '100350000002', '264.898');
INSERT INTO `distance` VALUES ('200540000000', '100420000011', '265.536');
INSERT INTO `distance` VALUES ('200540000000', '100440000001', '203.444');
INSERT INTO `distance` VALUES ('200540000000', '100500000008', '217.658');
INSERT INTO `distance` VALUES ('200540000000', '100500000010', '175.761');
INSERT INTO `distance` VALUES ('200540000000', '100500000011', '207.731');
INSERT INTO `distance` VALUES ('200540000000', '100510000005', '230.112');
INSERT INTO `distance` VALUES ('200540000000', '101041649001', '407.463');
INSERT INTO `distance` VALUES ('200540000000', '101041794960', '369.611');
INSERT INTO `distance` VALUES ('200540000000', '101041995400', '372.112');
INSERT INTO `distance` VALUES ('200540000000', '103200087200', '553.165');
INSERT INTO `distance` VALUES ('200540000000', '103200361700', '318.978');
INSERT INTO `distance` VALUES ('200540000000', '103200495800', '235.397');
INSERT INTO `distance` VALUES ('200540000000', '103201421250', '485.741');
INSERT INTO `distance` VALUES ('200540000000', '103300000002', '188.933');
INSERT INTO `distance` VALUES ('200540000000', '103300000003', '223.041');
INSERT INTO `distance` VALUES ('200540000000', '103300000004', '197.136');
INSERT INTO `distance` VALUES ('200540000000', '103300000005', '187.042');
INSERT INTO `distance` VALUES ('200540000000', '103300000006', '219.851');
INSERT INTO `distance` VALUES ('200540000000', '103300000007', '230.653');
INSERT INTO `distance` VALUES ('200540000000', '103300000010', '239.102');
INSERT INTO `distance` VALUES ('200540000000', '103300041001', '272.020');
INSERT INTO `distance` VALUES ('200540000000', '103300169280', '239.545');
INSERT INTO `distance` VALUES ('200540000000', '200010019400', '472.858');
INSERT INTO `distance` VALUES ('200540000000', '200020097000', '443.580');
INSERT INTO `distance` VALUES ('200540000000', '200030032001', '430.402');
INSERT INTO `distance` VALUES ('200540000000', '200030053800', '412.171');
INSERT INTO `distance` VALUES ('200540000000', '200070000000', '550.004');
INSERT INTO `distance` VALUES ('200540000000', '200090031600', '507.058');
INSERT INTO `distance` VALUES ('200540000000', '200110068100', '545.993');
INSERT INTO `distance` VALUES ('200540000000', '200160090650', '477.830');
INSERT INTO `distance` VALUES ('200540000000', '200170037550', '271.607');
INSERT INTO `distance` VALUES ('200540000000', '200180030200', '500.646');
INSERT INTO `distance` VALUES ('200540000000', '200370010500', '415.364');
INSERT INTO `distance` VALUES ('200540000000', '200410111850', '316.824');
INSERT INTO `distance` VALUES ('200540000000', '200420000001', '249.378');
INSERT INTO `distance` VALUES ('200540000000', '200420000005', '244.162');
INSERT INTO `distance` VALUES ('200540000000', '200490000001', '197.901');
INSERT INTO `distance` VALUES ('200540000000', '200490000002', '243.327');
INSERT INTO `distance` VALUES ('200540000000', '200490013100', '259.112');
INSERT INTO `distance` VALUES ('200540000000', '200500037100', '234.315');
INSERT INTO `distance` VALUES ('200540000000', '200520000001', '193.993');
INSERT INTO `distance` VALUES ('200540000000', '200520097001', '209.528');
INSERT INTO `distance` VALUES ('200540000000', '200530000001', '86.364');
INSERT INTO `distance` VALUES ('200540000000', '200530168400', '77.442');
INSERT INTO `distance` VALUES ('200540000000', '200560087350', '250.621');
INSERT INTO `distance` VALUES ('200540000000', '330382005800', '325.312');
INSERT INTO `distance` VALUES ('200540000000', '330382022900', '320.173');
INSERT INTO `distance` VALUES ('200540000000', '330421000002', '553.165');
INSERT INTO `distance` VALUES ('200540000000', '330421000003', '572.247');
INSERT INTO `distance` VALUES ('200540000000', '330482000001', '567.972');
INSERT INTO `distance` VALUES ('200540000000', '330482000002', '564.742');
INSERT INTO `distance` VALUES ('200540000000', '330482000003', '565.049');
INSERT INTO `distance` VALUES ('200540000000', '330503000001', '562.859');
INSERT INTO `distance` VALUES ('200540000000', '330522000001', '576.706');
INSERT INTO `distance` VALUES ('200540000000', '330921000002', '659.857');
INSERT INTO `distance` VALUES ('200540000000', '339906000002', '551.130');
INSERT INTO `distance` VALUES ('200540000000', '600040000001', '190.722');
INSERT INTO `distance` VALUES ('200540000000', '600040000002', '187.843');
INSERT INTO `distance` VALUES ('200540000000', '600050000001', '237.954');
INSERT INTO `distance` VALUES ('200540000000', '600060000001', '187.818');
INSERT INTO `distance` VALUES ('200540000000', '600070000001', '251.197');
INSERT INTO `distance` VALUES ('200540000000', '600080000001', '245.831');
INSERT INTO `distance` VALUES ('200540000000', '600090000001', '80.998');
INSERT INTO `distance` VALUES ('200540000000', '600110000001', '82.533');
INSERT INTO `distance` VALUES ('200540000000', '600110000009', '195.381');
INSERT INTO `distance` VALUES ('200540000000', '600120000001', '193.097');
INSERT INTO `distance` VALUES ('200540000000', '600120000002', '193.494');
INSERT INTO `distance` VALUES ('200540000000', '600140000001', '237.674');
INSERT INTO `distance` VALUES ('200540000000', '600150000001', '15.731');
INSERT INTO `distance` VALUES ('200540000000', '600500021001', '286.041');
INSERT INTO `distance` VALUES ('200550000000', '100010000000', '578.948');
INSERT INTO `distance` VALUES ('200550000000', '100010009700', '586.481');
INSERT INTO `distance` VALUES ('200550000000', '100350000002', '275.871');
INSERT INTO `distance` VALUES ('200550000000', '100420000011', '276.508');
INSERT INTO `distance` VALUES ('200550000000', '100440000001', '214.417');
INSERT INTO `distance` VALUES ('200550000000', '100500000008', '228.631');
INSERT INTO `distance` VALUES ('200550000000', '100500000010', '186.734');
INSERT INTO `distance` VALUES ('200550000000', '100500000011', '218.704');
INSERT INTO `distance` VALUES ('200550000000', '100510000005', '241.085');
INSERT INTO `distance` VALUES ('200550000000', '101041649001', '418.435');
INSERT INTO `distance` VALUES ('200550000000', '101041794960', '380.584');
INSERT INTO `distance` VALUES ('200550000000', '101041995400', '383.085');
INSERT INTO `distance` VALUES ('200550000000', '103200087200', '564.138');
INSERT INTO `distance` VALUES ('200550000000', '103200361700', '329.950');
INSERT INTO `distance` VALUES ('200550000000', '103200495800', '246.370');
INSERT INTO `distance` VALUES ('200550000000', '103201421250', '496.713');
INSERT INTO `distance` VALUES ('200550000000', '103300000002', '199.906');
INSERT INTO `distance` VALUES ('200550000000', '103300000003', '234.013');
INSERT INTO `distance` VALUES ('200550000000', '103300000004', '208.109');
INSERT INTO `distance` VALUES ('200550000000', '103300000005', '198.014');
INSERT INTO `distance` VALUES ('200550000000', '103300000006', '230.824');
INSERT INTO `distance` VALUES ('200550000000', '103300000007', '241.626');
INSERT INTO `distance` VALUES ('200550000000', '103300000010', '250.074');
INSERT INTO `distance` VALUES ('200550000000', '103300041001', '282.993');
INSERT INTO `distance` VALUES ('200550000000', '103300169280', '250.518');
INSERT INTO `distance` VALUES ('200550000000', '200010019400', '483.831');
INSERT INTO `distance` VALUES ('200550000000', '200020097000', '454.553');
INSERT INTO `distance` VALUES ('200550000000', '200030032001', '441.375');
INSERT INTO `distance` VALUES ('200550000000', '200030053800', '423.144');
INSERT INTO `distance` VALUES ('200550000000', '200070000000', '560.977');
INSERT INTO `distance` VALUES ('200550000000', '200090031600', '518.030');
INSERT INTO `distance` VALUES ('200550000000', '200110068100', '556.965');
INSERT INTO `distance` VALUES ('200550000000', '200160090650', '488.802');
INSERT INTO `distance` VALUES ('200550000000', '200170037550', '282.580');
INSERT INTO `distance` VALUES ('200550000000', '200180030200', '511.618');
INSERT INTO `distance` VALUES ('200550000000', '200370010500', '426.337');
INSERT INTO `distance` VALUES ('200550000000', '200410111850', '327.797');
INSERT INTO `distance` VALUES ('200550000000', '200420000001', '260.351');
INSERT INTO `distance` VALUES ('200550000000', '200420000005', '255.134');
INSERT INTO `distance` VALUES ('200550000000', '200490000001', '208.874');
INSERT INTO `distance` VALUES ('200550000000', '200490000002', '254.299');
INSERT INTO `distance` VALUES ('200550000000', '200490013100', '270.085');
INSERT INTO `distance` VALUES ('200550000000', '200500037100', '245.288');
INSERT INTO `distance` VALUES ('200550000000', '200520000001', '166.649');
INSERT INTO `distance` VALUES ('200550000000', '200520097001', '206.394');
INSERT INTO `distance` VALUES ('200550000000', '200530000001', '97.337');
INSERT INTO `distance` VALUES ('200550000000', '200530168400', '88.414');
INSERT INTO `distance` VALUES ('200550000000', '200540000000', '11.474');
INSERT INTO `distance` VALUES ('200550000000', '200560087350', '223.278');
INSERT INTO `distance` VALUES ('200550000000', '330382005800', '336.285');
INSERT INTO `distance` VALUES ('200550000000', '330382022900', '331.146');
INSERT INTO `distance` VALUES ('200550000000', '330421000002', '564.138');
INSERT INTO `distance` VALUES ('200550000000', '330421000003', '583.219');
INSERT INTO `distance` VALUES ('200550000000', '330482000001', '578.945');
INSERT INTO `distance` VALUES ('200550000000', '330482000002', '575.714');
INSERT INTO `distance` VALUES ('200550000000', '330482000003', '576.022');
INSERT INTO `distance` VALUES ('200550000000', '330503000001', '573.832');
INSERT INTO `distance` VALUES ('200550000000', '330522000001', '587.678');
INSERT INTO `distance` VALUES ('200550000000', '330921000002', '670.830');
INSERT INTO `distance` VALUES ('200550000000', '339906000002', '562.102');
INSERT INTO `distance` VALUES ('200550000000', '600040000001', '201.695');
INSERT INTO `distance` VALUES ('200550000000', '600040000002', '198.816');
INSERT INTO `distance` VALUES ('200550000000', '600050000001', '248.927');
INSERT INTO `distance` VALUES ('200550000000', '600060000001', '198.790');
INSERT INTO `distance` VALUES ('200550000000', '600070000001', '262.169');
INSERT INTO `distance` VALUES ('200550000000', '600080000001', '256.804');
INSERT INTO `distance` VALUES ('200550000000', '600090000001', '91.970');
INSERT INTO `distance` VALUES ('200550000000', '600110000001', '93.506');
INSERT INTO `distance` VALUES ('200550000000', '600110000009', '206.354');
INSERT INTO `distance` VALUES ('200550000000', '600120000001', '204.069');
INSERT INTO `distance` VALUES ('200550000000', '600120000002', '204.467');
INSERT INTO `distance` VALUES ('200550000000', '600140000001', '248.647');
INSERT INTO `distance` VALUES ('200550000000', '600150000001', '26.704');
INSERT INTO `distance` VALUES ('200550000000', '600500021001', '297.013');
INSERT INTO `distance` VALUES ('200560087350', '100010009700', '528.104');
INSERT INTO `distance` VALUES ('200560087350', '100350000002', '255.476');
INSERT INTO `distance` VALUES ('200560087350', '100420000011', '256.114');
INSERT INTO `distance` VALUES ('200560087350', '100500000010', '163.225');
INSERT INTO `distance` VALUES ('200560087350', '100500000011', '195.195');
INSERT INTO `distance` VALUES ('200560087350', '101041649001', '293.284');
INSERT INTO `distance` VALUES ('200560087350', '101041794960', '181.168');
INSERT INTO `distance` VALUES ('200560087350', '101041995400', '104.825');
INSERT INTO `distance` VALUES ('200560087350', '103200361700', '306.442');
INSERT INTO `distance` VALUES ('200560087350', '103300000003', '253.031');
INSERT INTO `distance` VALUES ('200560087350', '103300000004', '227.127');
INSERT INTO `distance` VALUES ('200560087350', '103300000005', '205.368');
INSERT INTO `distance` VALUES ('200560087350', '103300000006', '101.808');
INSERT INTO `distance` VALUES ('200560087350', '103300000010', '269.092');
INSERT INTO `distance` VALUES ('200560087350', '103300169280', '269.536');
INSERT INTO `distance` VALUES ('200560087350', '200010019400', '427.008');
INSERT INTO `distance` VALUES ('200560087350', '200020097000', '534.924');
INSERT INTO `distance` VALUES ('200560087350', '200030032001', '384.552');
INSERT INTO `distance` VALUES ('200560087350', '200110068100', '498.954');
INSERT INTO `distance` VALUES ('200560087350', '200160090650', '510.254');
INSERT INTO `distance` VALUES ('200560087350', '200170037550', '367.581');
INSERT INTO `distance` VALUES ('200560087350', '200370010500', '332.255');
INSERT INTO `distance` VALUES ('200560087350', '200420000001', '263.488');
INSERT INTO `distance` VALUES ('200560087350', '200490000001', '227.892');
INSERT INTO `distance` VALUES ('200560087350', '200490013100', '136.963');
INSERT INTO `distance` VALUES ('200560087350', '200500037100', '221.779');
INSERT INTO `distance` VALUES ('200560087350', '200520000001', '58.011');
INSERT INTO `distance` VALUES ('200560087350', '200520097001', '97.756');
INSERT INTO `distance` VALUES ('200560087350', '330382005800', '136.869');
INSERT INTO `distance` VALUES ('200560087350', '330421000002', '507.315');
INSERT INTO `distance` VALUES ('200560087350', '330503000001', '509.339');
INSERT INTO `distance` VALUES ('200560087350', '339906000002', '505.280');
INSERT INTO `distance` VALUES ('200560087350', '600050000001', '84.688');
INSERT INTO `distance` VALUES ('200560087350', '600110000009', '182.845');
INSERT INTO `distance` VALUES ('200560087350', '600140000001', '84.316');
INSERT INTO `distance` VALUES ('330382022900', '100010000000', '386.381');
INSERT INTO `distance` VALUES ('330382022900', '100010009700', '440.163');
INSERT INTO `distance` VALUES ('330382022900', '100350000002', '163.922');
INSERT INTO `distance` VALUES ('330382022900', '100420000011', '164.559');
INSERT INTO `distance` VALUES ('330382022900', '100500000010', '180.270');
INSERT INTO `distance` VALUES ('330382022900', '100500000011', '212.239');
INSERT INTO `distance` VALUES ('330382022900', '100510000005', '234.621');
INSERT INTO `distance` VALUES ('330382022900', '101041649001', '168.625');
INSERT INTO `distance` VALUES ('330382022900', '101041794960', '56.509');
INSERT INTO `distance` VALUES ('330382022900', '101041995400', '112.295');
INSERT INTO `distance` VALUES ('330382022900', '103200087200', '389.880');
INSERT INTO `distance` VALUES ('330382022900', '103200361700', '301.587');
INSERT INTO `distance` VALUES ('330382022900', '103200495800', '345.415');
INSERT INTO `distance` VALUES ('330382022900', '103201421250', '347.148');
INSERT INTO `distance` VALUES ('330382022900', '103300000002', '143.386');
INSERT INTO `distance` VALUES ('330382022900', '103300000003', '200.196');
INSERT INTO `distance` VALUES ('330382022900', '103300000004', '155.459');
INSERT INTO `distance` VALUES ('330382022900', '103300000005', '133.700');
INSERT INTO `distance` VALUES ('330382022900', '103300000006', '101.330');
INSERT INTO `distance` VALUES ('330382022900', '103300000010', '191.393');
INSERT INTO `distance` VALUES ('330382022900', '103300041001', '75.983');
INSERT INTO `distance` VALUES ('330382022900', '103300169280', '182.120');
INSERT INTO `distance` VALUES ('330382022900', '200010019400', '339.068');
INSERT INTO `distance` VALUES ('330382022900', '200020097000', '443.370');
INSERT INTO `distance` VALUES ('330382022900', '200030032001', '292.998');
INSERT INTO `distance` VALUES ('330382022900', '200070000000', '409.728');
INSERT INTO `distance` VALUES ('330382022900', '200090031600', '365.597');
INSERT INTO `distance` VALUES ('330382022900', '200110068100', '407.400');
INSERT INTO `distance` VALUES ('330382022900', '200160090650', '418.699');
INSERT INTO `distance` VALUES ('330382022900', '200170037550', '384.625');
INSERT INTO `distance` VALUES ('330382022900', '200180030200', '452.311');
INSERT INTO `distance` VALUES ('330382022900', '200370010500', '217.076');
INSERT INTO `distance` VALUES ('330382022900', '200410111850', '64.802');
INSERT INTO `distance` VALUES ('330382022900', '200420000001', '171.934');
INSERT INTO `distance` VALUES ('330382022900', '200490000001', '156.224');
INSERT INTO `distance` VALUES ('330382022900', '200490013100', '65.294');
INSERT INTO `distance` VALUES ('330382022900', '200500037100', '238.823');
INSERT INTO `distance` VALUES ('330382022900', '200520000001', '186.265');
INSERT INTO `distance` VALUES ('330382022900', '200520097001', '178.556');
INSERT INTO `distance` VALUES ('330382022900', '200530000001', '271.589');
INSERT INTO `distance` VALUES ('330382022900', '200530168400', '283.113');
INSERT INTO `distance` VALUES ('330382022900', '200560087350', '129.250');
INSERT INTO `distance` VALUES ('330382022900', '330382005800', '8.386');
INSERT INTO `distance` VALUES ('330382022900', '330421000002', '389.880');
INSERT INTO `distance` VALUES ('330382022900', '330421000003', '408.961');
INSERT INTO `distance` VALUES ('330382022900', '330482000001', '386.377');
INSERT INTO `distance` VALUES ('330382022900', '330482000002', '383.147');
INSERT INTO `distance` VALUES ('330382022900', '330482000003', '383.454');
INSERT INTO `distance` VALUES ('330382022900', '330503000001', '421.398');
INSERT INTO `distance` VALUES ('330382022900', '330522000001', '441.360');
INSERT INTO `distance` VALUES ('330382022900', '330921000002', '375.330');
INSERT INTO `distance` VALUES ('330382022900', '339906000002', '387.844');
INSERT INTO `distance` VALUES ('330382022900', '600050000001', '85.579');
INSERT INTO `distance` VALUES ('330382022900', '600070000001', '187.155');
INSERT INTO `distance` VALUES ('330382022900', '600110000009', '199.889');
INSERT INTO `distance` VALUES ('330382022900', '600140000001', '86.463');
INSERT INTO `distance` VALUES ('330382022900', '600150000001', '303.704');
INSERT INTO `distance` VALUES ('330382022900', '600500021001', '127.580');
INSERT INTO `distance` VALUES ('330421000002', '100010009700', '144.801');
INSERT INTO `distance` VALUES ('330421000002', '100500000011', '397.902');
INSERT INTO `distance` VALUES ('330421000002', '101041649001', '269.657');
INSERT INTO `distance` VALUES ('330421000002', '103200361700', '282.955');
INSERT INTO `distance` VALUES ('330421000002', '103300000003', '340.986');
INSERT INTO `distance` VALUES ('330421000002', '103300000010', '332.182');
INSERT INTO `distance` VALUES ('330421000002', '200030032001', '140.477');
INSERT INTO `distance` VALUES ('330421000002', '200110068100', '193.104');
INSERT INTO `distance` VALUES ('330421000002', '200160090650', '232.656');
INSERT INTO `distance` VALUES ('330421000002', '200370010500', '230.979');
INSERT INTO `distance` VALUES ('330421000002', '200500037100', '373.059');
INSERT INTO `distance` VALUES ('330421000002', '330382005800', '386.957');
INSERT INTO `distance` VALUES ('330421000002', '600110000009', '413.714');
INSERT INTO `distance` VALUES ('330421000003', '100010009700', '136.090');
INSERT INTO `distance` VALUES ('330421000003', '100350000002', '320.677');
INSERT INTO `distance` VALUES ('330421000003', '100420000011', '321.314');
INSERT INTO `distance` VALUES ('330421000003', '100500000010', '434.149');
INSERT INTO `distance` VALUES ('330421000003', '100500000011', '402.809');
INSERT INTO `distance` VALUES ('330421000003', '101041649001', '286.698');
INSERT INTO `distance` VALUES ('330421000003', '101041794960', '364.082');
INSERT INTO `distance` VALUES ('330421000003', '101041995400', '508.582');
INSERT INTO `distance` VALUES ('330421000003', '103200361700', '287.862');
INSERT INTO `distance` VALUES ('330421000003', '103201421250', '137.759');
INSERT INTO `distance` VALUES ('330421000003', '103300000003', '358.027');
INSERT INTO `distance` VALUES ('330421000003', '103300000004', '395.894');
INSERT INTO `distance` VALUES ('330421000003', '103300000005', '399.511');
INSERT INTO `distance` VALUES ('330421000003', '103300000006', '432.320');
INSERT INTO `distance` VALUES ('330421000003', '103300000010', '349.223');
INSERT INTO `distance` VALUES ('330421000003', '103300169280', '341.583');
INSERT INTO `distance` VALUES ('330421000003', '200010019400', '114.806');
INSERT INTO `distance` VALUES ('330421000003', '200020097000', '262.234');
INSERT INTO `distance` VALUES ('330421000003', '200030032001', '157.519');
INSERT INTO `distance` VALUES ('330421000003', '200110068100', '186.048');
INSERT INTO `distance` VALUES ('330421000003', '200160090650', '237.563');
INSERT INTO `distance` VALUES ('330421000003', '200170037550', '429.432');
INSERT INTO `distance` VALUES ('330421000003', '200370010500', '248.020');
INSERT INTO `distance` VALUES ('330421000003', '200420000001', '328.689');
INSERT INTO `distance` VALUES ('330421000003', '200490000001', '396.659');
INSERT INTO `distance` VALUES ('330421000003', '200490013100', '434.075');
INSERT INTO `distance` VALUES ('330421000003', '200500037100', '377.966');
INSERT INTO `distance` VALUES ('330421000003', '200520000001', '502.639');
INSERT INTO `distance` VALUES ('330421000003', '200520097001', '542.384');
INSERT INTO `distance` VALUES ('330421000003', '200560087350', '525.538');
INSERT INTO `distance` VALUES ('330421000003', '330382005800', '403.998');
INSERT INTO `distance` VALUES ('330421000003', '330421000002', '23.548');
INSERT INTO `distance` VALUES ('330421000003', '330482000003', '58.492');
INSERT INTO `distance` VALUES ('330421000003', '330503000001', '77.606');
INSERT INTO `distance` VALUES ('330421000003', '339906000002', '24.449');
INSERT INTO `distance` VALUES ('330421000003', '600050000001', '450.424');
INSERT INTO `distance` VALUES ('330421000003', '600110000009', '418.621');
INSERT INTO `distance` VALUES ('330421000003', '600140000001', '450.143');
INSERT INTO `distance` VALUES ('330482000001', '100010009700', '191.111');
INSERT INTO `distance` VALUES ('330482000001', '100350000002', '318.029');
INSERT INTO `distance` VALUES ('330482000001', '100420000011', '318.666');
INSERT INTO `distance` VALUES ('330482000001', '100500000010', '445.538');
INSERT INTO `distance` VALUES ('330482000001', '100500000011', '414.198');
INSERT INTO `distance` VALUES ('330482000001', '101041649001', '239.337');
INSERT INTO `distance` VALUES ('330482000001', '101041794960', '342.916');
INSERT INTO `distance` VALUES ('330482000001', '101041995400', '494.601');
INSERT INTO `distance` VALUES ('330482000001', '103200361700', '299.252');
INSERT INTO `distance` VALUES ('330482000001', '103201421250', '149.148');
INSERT INTO `distance` VALUES ('330482000001', '103300000003', '355.379');
INSERT INTO `distance` VALUES ('330482000001', '103300000004', '393.247');
INSERT INTO `distance` VALUES ('330482000001', '103300000005', '396.863');
INSERT INTO `distance` VALUES ('330482000001', '103300000006', '429.673');
INSERT INTO `distance` VALUES ('330482000001', '103300000010', '346.575');
INSERT INTO `distance` VALUES ('330482000001', '103300169280', '338.935');
INSERT INTO `distance` VALUES ('330482000001', '200010019400', '114.585');
INSERT INTO `distance` VALUES ('330482000001', '200020097000', '273.623');
INSERT INTO `distance` VALUES ('330482000001', '200030032001', '154.871');
INSERT INTO `distance` VALUES ('330482000001', '200110068100', '209.401');
INSERT INTO `distance` VALUES ('330482000001', '200160090650', '248.953');
INSERT INTO `distance` VALUES ('330482000001', '200170037550', '440.822');
INSERT INTO `distance` VALUES ('330482000001', '200370010500', '242.936');
INSERT INTO `distance` VALUES ('330482000001', '200420000001', '326.041');
INSERT INTO `distance` VALUES ('330482000001', '200490000001', '394.011');
INSERT INTO `distance` VALUES ('330482000001', '200490013100', '431.427');
INSERT INTO `distance` VALUES ('330482000001', '200500037100', '389.355');
INSERT INTO `distance` VALUES ('330482000001', '200520000001', '499.991');
INSERT INTO `distance` VALUES ('330482000001', '200520097001', '560.862');
INSERT INTO `distance` VALUES ('330482000001', '200560087350', '511.556');
INSERT INTO `distance` VALUES ('330482000001', '330382005800', '382.832');
INSERT INTO `distance` VALUES ('330482000001', '330421000002', '48.289');
INSERT INTO `distance` VALUES ('330482000001', '330421000003', '67.160');
INSERT INTO `distance` VALUES ('330482000001', '330482000003', '16.679');
INSERT INTO `distance` VALUES ('330482000001', '330503000001', '142.736');
INSERT INTO `distance` VALUES ('330482000001', '339906000002', '46.253');
INSERT INTO `distance` VALUES ('330482000001', '600050000001', '447.776');
INSERT INTO `distance` VALUES ('330482000001', '600110000009', '430.010');
INSERT INTO `distance` VALUES ('330482000001', '600140000001', '447.495');
INSERT INTO `distance` VALUES ('330482000002', '100010000000', '16.825');
INSERT INTO `distance` VALUES ('330482000002', '100010009700', '180.734');
INSERT INTO `distance` VALUES ('330482000002', '100350000002', '313.007');
INSERT INTO `distance` VALUES ('330482000002', '100420000011', '313.644');
INSERT INTO `distance` VALUES ('330482000002', '100500000010', '440.516');
INSERT INTO `distance` VALUES ('330482000002', '100500000011', '409.176');
INSERT INTO `distance` VALUES ('330482000002', '100510000005', '398.110');
INSERT INTO `distance` VALUES ('330482000002', '101041649001', '234.314');
INSERT INTO `distance` VALUES ('330482000002', '101041794960', '337.893');
INSERT INTO `distance` VALUES ('330482000002', '101041995400', '489.579');
INSERT INTO `distance` VALUES ('330482000002', '103200087200', '33.644');
INSERT INTO `distance` VALUES ('330482000002', '103200361700', '294.229');
INSERT INTO `distance` VALUES ('330482000002', '103200495800', '396.590');
INSERT INTO `distance` VALUES ('330482000002', '103201421250', '144.126');
INSERT INTO `distance` VALUES ('330482000002', '103300000002', '387.958');
INSERT INTO `distance` VALUES ('330482000002', '103300000003', '350.356');
INSERT INTO `distance` VALUES ('330482000002', '103300000004', '388.224');
INSERT INTO `distance` VALUES ('330482000002', '103300000005', '391.841');
INSERT INTO `distance` VALUES ('330482000002', '103300000006', '424.650');
INSERT INTO `distance` VALUES ('330482000002', '103300000010', '341.553');
INSERT INTO `distance` VALUES ('330482000002', '103300041001', '437.093');
INSERT INTO `distance` VALUES ('330482000002', '103300169280', '333.913');
INSERT INTO `distance` VALUES ('330482000002', '200010019400', '109.563');
INSERT INTO `distance` VALUES ('330482000002', '200020097000', '268.601');
INSERT INTO `distance` VALUES ('330482000002', '200030032001', '149.848');
INSERT INTO `distance` VALUES ('330482000002', '200070000000', '86.011');
INSERT INTO `distance` VALUES ('330482000002', '200110068100', '204.378');
INSERT INTO `distance` VALUES ('330482000002', '200160090650', '243.930');
INSERT INTO `distance` VALUES ('330482000002', '200170037550', '435.800');
INSERT INTO `distance` VALUES ('330482000002', '200180030200', '277.542');
INSERT INTO `distance` VALUES ('330482000002', '200370010500', '237.913');
INSERT INTO `distance` VALUES ('330482000002', '200410111850', '377.796');
INSERT INTO `distance` VALUES ('330482000002', '200420000001', '321.018');
INSERT INTO `distance` VALUES ('330482000002', '200490000001', '388.989');
INSERT INTO `distance` VALUES ('330482000002', '200490013100', '426.405');
INSERT INTO `distance` VALUES ('330482000002', '200500037100', '384.333');
INSERT INTO `distance` VALUES ('330482000002', '200520000001', '494.969');
INSERT INTO `distance` VALUES ('330482000002', '200520097001', '555.840');
INSERT INTO `distance` VALUES ('330482000002', '200530000001', '517.080');
INSERT INTO `distance` VALUES ('330482000002', '200530168400', '528.603');
INSERT INTO `distance` VALUES ('330482000002', '200560087350', '506.534');
INSERT INTO `distance` VALUES ('330482000002', '330382005800', '377.810');
INSERT INTO `distance` VALUES ('330482000002', '330421000002', '33.644');
INSERT INTO `distance` VALUES ('330482000002', '330421000003', '60.449');
INSERT INTO `distance` VALUES ('330482000002', '330482000001', '16.821');
INSERT INTO `distance` VALUES ('330482000002', '330482000003', '0.482');
INSERT INTO `distance` VALUES ('330482000002', '330503000001', '122.528');
INSERT INTO `distance` VALUES ('330482000002', '330522000001', '181.931');
INSERT INTO `distance` VALUES ('330482000002', '330921000002', '159.947');
INSERT INTO `distance` VALUES ('330482000002', '339906000002', '31.609');
INSERT INTO `distance` VALUES ('330482000002', '600050000001', '442.753');
INSERT INTO `distance` VALUES ('330482000002', '600070000001', '353.648');
INSERT INTO `distance` VALUES ('330482000002', '600110000009', '424.988');
INSERT INTO `distance` VALUES ('330482000002', '600140000001', '442.473');
INSERT INTO `distance` VALUES ('330482000002', '600150000001', '549.195');
INSERT INTO `distance` VALUES ('330482000002', '600500021001', '490.840');
INSERT INTO `distance` VALUES ('330482000003', '100010009700', '180.753');
INSERT INTO `distance` VALUES ('330482000003', '100350000002', '313.026');
INSERT INTO `distance` VALUES ('330482000003', '100420000011', '313.663');
INSERT INTO `distance` VALUES ('330482000003', '100500000010', '440.535');
INSERT INTO `distance` VALUES ('330482000003', '100500000011', '409.195');
INSERT INTO `distance` VALUES ('330482000003', '101041649001', '234.334');
INSERT INTO `distance` VALUES ('330482000003', '101041794960', '337.912');
INSERT INTO `distance` VALUES ('330482000003', '101041995400', '489.598');
INSERT INTO `distance` VALUES ('330482000003', '103200361700', '294.248');
INSERT INTO `distance` VALUES ('330482000003', '103300000003', '350.376');
INSERT INTO `distance` VALUES ('330482000003', '103300000004', '388.243');
INSERT INTO `distance` VALUES ('330482000003', '103300000005', '391.860');
INSERT INTO `distance` VALUES ('330482000003', '103300000006', '424.669');
INSERT INTO `distance` VALUES ('330482000003', '103300000010', '341.572');
INSERT INTO `distance` VALUES ('330482000003', '103300169280', '333.932');
INSERT INTO `distance` VALUES ('330482000003', '200010019400', '109.582');
INSERT INTO `distance` VALUES ('330482000003', '200020097000', '268.620');
INSERT INTO `distance` VALUES ('330482000003', '200030032001', '149.868');
INSERT INTO `distance` VALUES ('330482000003', '200110068100', '204.398');
INSERT INTO `distance` VALUES ('330482000003', '200160090650', '243.950');
INSERT INTO `distance` VALUES ('330482000003', '200170037550', '435.819');
INSERT INTO `distance` VALUES ('330482000003', '200370010500', '237.932');
INSERT INTO `distance` VALUES ('330482000003', '200420000001', '321.038');
INSERT INTO `distance` VALUES ('330482000003', '200490000001', '389.008');
INSERT INTO `distance` VALUES ('330482000003', '200490013100', '426.424');
INSERT INTO `distance` VALUES ('330482000003', '200500037100', '384.352');
INSERT INTO `distance` VALUES ('330482000003', '200520000001', '494.988');
INSERT INTO `distance` VALUES ('330482000003', '200520097001', '555.859');
INSERT INTO `distance` VALUES ('330482000003', '200560087350', '506.553');
INSERT INTO `distance` VALUES ('330482000003', '330382005800', '377.829');
INSERT INTO `distance` VALUES ('330482000003', '330421000002', '33.163');
INSERT INTO `distance` VALUES ('330482000003', '330503000001', '122.547');
INSERT INTO `distance` VALUES ('330482000003', '339906000002', '31.127');
INSERT INTO `distance` VALUES ('330482000003', '600050000001', '442.773');
INSERT INTO `distance` VALUES ('330482000003', '600110000009', '425.007');
INSERT INTO `distance` VALUES ('330482000003', '600140000001', '442.492');
INSERT INTO `distance` VALUES ('330503000001', '100010009700', '71.725');
INSERT INTO `distance` VALUES ('330503000001', '100500000011', '358.956');
INSERT INTO `distance` VALUES ('330503000001', '101041649001', '269.569');
INSERT INTO `distance` VALUES ('330503000001', '103200361700', '244.010');
INSERT INTO `distance` VALUES ('330503000001', '103300000003', '340.897');
INSERT INTO `distance` VALUES ('330503000001', '103300000010', '332.094');
INSERT INTO `distance` VALUES ('330503000001', '200030032001', '140.389');
INSERT INTO `distance` VALUES ('330503000001', '200110068100', '121.682');
INSERT INTO `distance` VALUES ('330503000001', '200160090650', '193.711');
INSERT INTO `distance` VALUES ('330503000001', '200370010500', '230.890');
INSERT INTO `distance` VALUES ('330503000001', '200500037100', '334.113');
INSERT INTO `distance` VALUES ('330503000001', '330382005800', '416.552');
INSERT INTO `distance` VALUES ('330503000001', '330421000002', '93.012');
INSERT INTO `distance` VALUES ('330503000001', '339906000002', '93.913');
INSERT INTO `distance` VALUES ('330503000001', '600110000009', '374.768');
INSERT INTO `distance` VALUES ('330522000001', '100010009700', '21.866');
INSERT INTO `distance` VALUES ('330522000001', '100350000002', '325.308');
INSERT INTO `distance` VALUES ('330522000001', '100420000011', '325.945');
INSERT INTO `distance` VALUES ('330522000001', '100500000010', '405.170');
INSERT INTO `distance` VALUES ('330522000001', '100500000011', '373.830');
INSERT INTO `distance` VALUES ('330522000001', '101041649001', '291.329');
INSERT INTO `distance` VALUES ('330522000001', '101041794960', '398.395');
INSERT INTO `distance` VALUES ('330522000001', '101041995400', '513.213');
INSERT INTO `distance` VALUES ('330522000001', '103200361700', '258.883');
INSERT INTO `distance` VALUES ('330522000001', '103201421250', '108.780');
INSERT INTO `distance` VALUES ('330522000001', '103300000003', '362.658');
INSERT INTO `distance` VALUES ('330522000001', '103300000004', '400.525');
INSERT INTO `distance` VALUES ('330522000001', '103300000005', '404.142');
INSERT INTO `distance` VALUES ('330522000001', '103300000006', '436.951');
INSERT INTO `distance` VALUES ('330522000001', '103300000010', '353.854');
INSERT INTO `distance` VALUES ('330522000001', '103300169280', '346.214');
INSERT INTO `distance` VALUES ('330522000001', '200010019400', '123.251');
INSERT INTO `distance` VALUES ('330522000001', '200020097000', '233.255');
INSERT INTO `distance` VALUES ('330522000001', '200030032001', '140.118');
INSERT INTO `distance` VALUES ('330522000001', '200110068100', '84.728');
INSERT INTO `distance` VALUES ('330522000001', '200160090650', '147.452');
INSERT INTO `distance` VALUES ('330522000001', '200170037550', '400.453');
INSERT INTO `distance` VALUES ('330522000001', '200370010500', '252.651');
INSERT INTO `distance` VALUES ('330522000001', '200420000001', '333.319');
INSERT INTO `distance` VALUES ('330522000001', '200490000001', '401.290');
INSERT INTO `distance` VALUES ('330522000001', '200490013100', '438.706');
INSERT INTO `distance` VALUES ('330522000001', '200500037100', '348.987');
INSERT INTO `distance` VALUES ('330522000001', '200520000001', '507.014');
INSERT INTO `distance` VALUES ('330522000001', '200520097001', '546.759');
INSERT INTO `distance` VALUES ('330522000001', '200560087350', '530.169');
INSERT INTO `distance` VALUES ('330522000001', '330382005800', '438.312');
INSERT INTO `distance` VALUES ('330522000001', '330421000002', '154.538');
INSERT INTO `distance` VALUES ('330522000001', '330421000003', '135.100');
INSERT INTO `distance` VALUES ('330522000001', '330482000001', '193.842');
INSERT INTO `distance` VALUES ('330522000001', '330482000003', '186.201');
INSERT INTO `distance` VALUES ('330522000001', '330503000001', '71.416');
INSERT INTO `distance` VALUES ('330522000001', '339906000002', '155.439');
INSERT INTO `distance` VALUES ('330522000001', '600050000001', '455.054');
INSERT INTO `distance` VALUES ('330522000001', '600110000009', '389.641');
INSERT INTO `distance` VALUES ('330522000001', '600140000001', '454.774');
INSERT INTO `distance` VALUES ('330921000001', '100010000000', '239.205');
INSERT INTO `distance` VALUES ('330921000001', '100010009700', '351.643');
INSERT INTO `distance` VALUES ('330921000001', '100350000002', '333.986');
INSERT INTO `distance` VALUES ('330921000001', '100420000011', '334.623');
INSERT INTO `distance` VALUES ('330921000001', '100440000001', '422.622');
INSERT INTO `distance` VALUES ('330921000001', '100500000008', '491.914');
INSERT INTO `distance` VALUES ('330921000001', '100500000010', '483.986');
INSERT INTO `distance` VALUES ('330921000001', '100500000011', '503.382');
INSERT INTO `distance` VALUES ('330921000001', '100510000005', '492.317');
INSERT INTO `distance` VALUES ('330921000001', '101041488001', '218.350');
INSERT INTO `distance` VALUES ('330921000001', '101041649001', '249.759');
INSERT INTO `distance` VALUES ('330921000001', '101041794960', '294.556');
INSERT INTO `distance` VALUES ('330921000001', '101041995400', '446.242');
INSERT INTO `distance` VALUES ('330921000001', '103200087200', '242.703');
INSERT INTO `distance` VALUES ('330921000001', '103200361700', '388.436');
INSERT INTO `distance` VALUES ('330921000001', '103200495800', '447.481');
INSERT INTO `distance` VALUES ('330921000001', '103201421250', '273.765');
INSERT INTO `distance` VALUES ('330921000001', '103300000002', '446.184');
INSERT INTO `distance` VALUES ('330921000001', '103300000003', '358.332');
INSERT INTO `distance` VALUES ('330921000001', '103300000004', '446.450');
INSERT INTO `distance` VALUES ('330921000001', '103300000005', '450.066');
INSERT INTO `distance` VALUES ('330921000001', '103300000006', '435.277');
INSERT INTO `distance` VALUES ('330921000001', '103300000007', '426.827');
INSERT INTO `distance` VALUES ('330921000001', '103300000010', '349.528');
INSERT INTO `distance` VALUES ('330921000001', '103300041001', '409.929');
INSERT INTO `distance` VALUES ('330921000001', '103300169280', '340.256');
INSERT INTO `distance` VALUES ('330921000001', '200010019400', '250.739');
INSERT INTO `distance` VALUES ('330921000001', '200020097000', '398.240');
INSERT INTO `distance` VALUES ('330921000001', '200030032001', '250.763');
INSERT INTO `distance` VALUES ('330921000001', '200030053800', '271.554');
INSERT INTO `distance` VALUES ('330921000001', '200070000000', '262.552');
INSERT INTO `distance` VALUES ('330921000001', '200090031600', '277.268');
INSERT INTO `distance` VALUES ('330921000001', '200110068100', '334.017');
INSERT INTO `distance` VALUES ('330921000001', '200160090650', '373.569');
INSERT INTO `distance` VALUES ('330921000001', '200170037550', '486.690');
INSERT INTO `distance` VALUES ('330921000001', '200180030200', '407.181');
INSERT INTO `distance` VALUES ('330921000001', '200370010500', '211.016');
INSERT INTO `distance` VALUES ('330921000001', '200410111850', '398.775');
INSERT INTO `distance` VALUES ('330921000001', '200420000001', '341.997');
INSERT INTO `distance` VALUES ('330921000001', '200420000005', '354.588');
INSERT INTO `distance` VALUES ('330921000001', '200490000001', '383.249');
INSERT INTO `distance` VALUES ('330921000001', '200490000002', '410.640');
INSERT INTO `distance` VALUES ('330921000001', '200490013100', '399.241');
INSERT INTO `distance` VALUES ('330921000001', '200500037100', '478.539');
INSERT INTO `distance` VALUES ('330921000001', '200520000001', '553.194');
INSERT INTO `distance` VALUES ('330921000001', '200520097001', '512.502');
INSERT INTO `distance` VALUES ('330921000001', '200530000001', '575.305');
INSERT INTO `distance` VALUES ('330921000001', '200530168400', '586.829');
INSERT INTO `distance` VALUES ('330921000001', '200540000000', '622.790');
INSERT INTO `distance` VALUES ('330921000001', '200550000000', '633.762');
INSERT INTO `distance` VALUES ('330921000001', '200560087350', '463.197');
INSERT INTO `distance` VALUES ('330921000001', '330382005800', '334.473');
INSERT INTO `distance` VALUES ('330921000001', '330382022900', '340.231');
INSERT INTO `distance` VALUES ('330921000001', '330421000002', '242.703');
INSERT INTO `distance` VALUES ('330921000001', '330421000003', '261.785');
INSERT INTO `distance` VALUES ('330921000001', '330482000001', '239.201');
INSERT INTO `distance` VALUES ('330921000001', '330482000002', '235.971');
INSERT INTO `distance` VALUES ('330921000001', '330482000003', '236.278');
INSERT INTO `distance` VALUES ('330921000001', '330503000001', '293.437');
INSERT INTO `distance` VALUES ('330921000001', '330522000001', '352.839');
INSERT INTO `distance` VALUES ('330921000001', '330921000002', '36.387');
INSERT INTO `distance` VALUES ('330921000001', '339906000002', '240.668');
INSERT INTO `distance` VALUES ('330921000001', '600040000001', '448.179');
INSERT INTO `distance` VALUES ('330921000001', '600040000002', '445.509');
INSERT INTO `distance` VALUES ('330921000001', '600050000001', '419.526');
INSERT INTO `distance` VALUES ('330921000001', '600060000001', '444.976');
INSERT INTO `distance` VALUES ('330921000001', '600070000001', '357.218');
INSERT INTO `distance` VALUES ('330921000001', '600080000001', '356.258');
INSERT INTO `distance` VALUES ('330921000001', '600090000001', '550.211');
INSERT INTO `distance` VALUES ('330921000001', '600110000000', '521.242');
INSERT INTO `distance` VALUES ('330921000001', '600110000001', '544.994');
INSERT INTO `distance` VALUES ('330921000001', '600110000009', '519.194');
INSERT INTO `distance` VALUES ('330921000001', '600120000001', '442.410');
INSERT INTO `distance` VALUES ('330921000001', '600120000002', '442.808');
INSERT INTO `distance` VALUES ('330921000001', '600140000001', '420.409');
INSERT INTO `distance` VALUES ('330921000001', '600150000001', '607.421');
INSERT INTO `distance` VALUES ('330921000001', '600500021001', '461.527');
INSERT INTO `distance` VALUES ('330921000002', '100010000000', '160.472');
INSERT INTO `distance` VALUES ('330921000002', '100010009700', '323.507');
INSERT INTO `distance` VALUES ('330921000002', '100350000002', '357.950');
INSERT INTO `distance` VALUES ('330921000002', '100420000011', '358.587');
INSERT INTO `distance` VALUES ('330921000002', '100500000010', '590.192');
INSERT INTO `distance` VALUES ('330921000002', '100500000011', '558.852');
INSERT INTO `distance` VALUES ('330921000002', '100510000005', '547.786');
INSERT INTO `distance` VALUES ('330921000002', '101041649001', '273.724');
INSERT INTO `distance` VALUES ('330921000002', '101041794960', '318.520');
INSERT INTO `distance` VALUES ('330921000002', '101041995400', '470.206');
INSERT INTO `distance` VALUES ('330921000002', '103200087200', '173.994');
INSERT INTO `distance` VALUES ('330921000002', '103200361700', '443.905');
INSERT INTO `distance` VALUES ('330921000002', '103200495800', '546.266');
INSERT INTO `distance` VALUES ('330921000002', '103201421250', '293.802');
INSERT INTO `distance` VALUES ('330921000002', '103300000002', '470.148');
INSERT INTO `distance` VALUES ('330921000002', '103300000003', '382.296');
INSERT INTO `distance` VALUES ('330921000002', '103300000004', '470.414');
INSERT INTO `distance` VALUES ('330921000002', '103300000005', '474.031');
INSERT INTO `distance` VALUES ('330921000002', '103300000006', '459.241');
INSERT INTO `distance` VALUES ('330921000002', '103300000010', '373.492');
INSERT INTO `distance` VALUES ('330921000002', '103300041001', '433.894');
INSERT INTO `distance` VALUES ('330921000002', '103300169280', '364.220');
INSERT INTO `distance` VALUES ('330921000002', '200010019400', '258.716');
INSERT INTO `distance` VALUES ('330921000002', '200020097000', '418.277');
INSERT INTO `distance` VALUES ('330921000002', '200030032001', '301.428');
INSERT INTO `distance` VALUES ('330921000002', '200110068100', '359.214');
INSERT INTO `distance` VALUES ('330921000002', '200160090650', '393.607');
INSERT INTO `distance` VALUES ('330921000002', '200170037550', '585.475');
INSERT INTO `distance` VALUES ('330921000002', '200180030200', '427.218');
INSERT INTO `distance` VALUES ('330921000002', '200370010500', '234.980');
INSERT INTO `distance` VALUES ('330921000002', '200410111850', '422.740');
INSERT INTO `distance` VALUES ('330921000002', '200420000001', '365.961');
INSERT INTO `distance` VALUES ('330921000002', '200490000001', '407.213');
INSERT INTO `distance` VALUES ('330921000002', '200490013100', '423.205');
INSERT INTO `distance` VALUES ('330921000002', '200500037100', '534.009');
INSERT INTO `distance` VALUES ('330921000002', '200520000001', '577.158');
INSERT INTO `distance` VALUES ('330921000002', '200520097001', '536.467');
INSERT INTO `distance` VALUES ('330921000002', '200530000001', '599.269');
INSERT INTO `distance` VALUES ('330921000002', '200530168400', '610.793');
INSERT INTO `distance` VALUES ('330921000002', '200560087350', '487.161');
INSERT INTO `distance` VALUES ('330921000002', '330382005800', '358.437');
INSERT INTO `distance` VALUES ('330921000002', '330421000002', '173.994');
INSERT INTO `distance` VALUES ('330921000002', '330421000003', '199.555');
INSERT INTO `distance` VALUES ('330921000002', '330482000001', '160.469');
INSERT INTO `distance` VALUES ('330921000002', '330482000003', '170.611');
INSERT INTO `distance` VALUES ('330921000002', '330503000001', '268.922');
INSERT INTO `distance` VALUES ('330921000002', '330522000001', '324.704');
INSERT INTO `distance` VALUES ('330921000002', '339906000002', '171.959');
INSERT INTO `distance` VALUES ('330921000002', '600050000001', '443.490');
INSERT INTO `distance` VALUES ('330921000002', '600070000001', '381.182');
INSERT INTO `distance` VALUES ('330921000002', '600110000009', '574.664');
INSERT INTO `distance` VALUES ('330921000002', '600140000001', '444.374');
INSERT INTO `distance` VALUES ('330921000002', '600150000001', '631.385');
INSERT INTO `distance` VALUES ('330921000002', '600500021001', '485.491');
INSERT INTO `distance` VALUES ('339906000001', '100010000000', '59.436');
INSERT INTO `distance` VALUES ('339906000001', '100010009700', '139.192');
INSERT INTO `distance` VALUES ('339906000001', '100350000002', '317.258');
INSERT INTO `distance` VALUES ('339906000001', '100420000011', '317.895');
INSERT INTO `distance` VALUES ('339906000001', '100440000001', '414.547');
INSERT INTO `distance` VALUES ('339906000001', '100500000008', '384.640');
INSERT INTO `distance` VALUES ('339906000001', '100500000010', '427.449');
INSERT INTO `distance` VALUES ('339906000001', '100500000011', '396.109');
INSERT INTO `distance` VALUES ('339906000001', '100510000005', '385.043');
INSERT INTO `distance` VALUES ('339906000001', '101041488001', '141.183');
INSERT INTO `distance` VALUES ('339906000001', '101041649001', '283.279');
INSERT INTO `distance` VALUES ('339906000001', '101041794960', '360.662');
INSERT INTO `distance` VALUES ('339906000001', '101041995400', '505.163');
INSERT INTO `distance` VALUES ('339906000001', '103200087200', '20.129');
INSERT INTO `distance` VALUES ('339906000001', '103200361700', '281.162');
INSERT INTO `distance` VALUES ('339906000001', '103200495800', '383.523');
INSERT INTO `distance` VALUES ('339906000001', '103201421250', '131.059');
INSERT INTO `distance` VALUES ('339906000001', '103300000002', '392.209');
INSERT INTO `distance` VALUES ('339906000001', '103300000003', '354.608');
INSERT INTO `distance` VALUES ('339906000001', '103300000004', '392.475');
INSERT INTO `distance` VALUES ('339906000001', '103300000005', '396.092');
INSERT INTO `distance` VALUES ('339906000001', '103300000006', '428.901');
INSERT INTO `distance` VALUES ('339906000001', '103300000007', '439.704');
INSERT INTO `distance` VALUES ('339906000001', '103300000010', '345.804');
INSERT INTO `distance` VALUES ('339906000001', '103300041001', '441.344');
INSERT INTO `distance` VALUES ('339906000001', '103300169280', '338.164');
INSERT INTO `distance` VALUES ('339906000001', '200010019400', '111.387');
INSERT INTO `distance` VALUES ('339906000001', '200020097000', '255.534');
INSERT INTO `distance` VALUES ('339906000001', '200030032001', '154.099');
INSERT INTO `distance` VALUES ('339906000001', '200030053800', '174.890');
INSERT INTO `distance` VALUES ('339906000001', '200070000000', '40.803');
INSERT INTO `distance` VALUES ('339906000001', '200090031600', '108.458');
INSERT INTO `distance` VALUES ('339906000001', '200110068100', '174.899');
INSERT INTO `distance` VALUES ('339906000001', '200160090650', '230.863');
INSERT INTO `distance` VALUES ('339906000001', '200170037550', '422.732');
INSERT INTO `distance` VALUES ('339906000001', '200180030200', '264.474');
INSERT INTO `distance` VALUES ('339906000001', '200370010500', '244.601');
INSERT INTO `distance` VALUES ('339906000001', '200410111850', '382.048');
INSERT INTO `distance` VALUES ('339906000001', '200420000001', '325.269');
INSERT INTO `distance` VALUES ('339906000001', '200420000005', '350.864');
INSERT INTO `distance` VALUES ('339906000001', '200490000001', '393.240');
INSERT INTO `distance` VALUES ('339906000001', '200490000002', '442.055');
INSERT INTO `distance` VALUES ('339906000001', '200490013100', '430.656');
INSERT INTO `distance` VALUES ('339906000001', '200500037100', '371.266');
INSERT INTO `distance` VALUES ('339906000001', '200520000001', '499.220');
INSERT INTO `distance` VALUES ('339906000001', '200520097001', '538.965');
INSERT INTO `distance` VALUES ('339906000001', '200530000001', '521.331');
INSERT INTO `distance` VALUES ('339906000001', '200530168400', '546.094');
INSERT INTO `distance` VALUES ('339906000001', '200540000000', '568.816');
INSERT INTO `distance` VALUES ('339906000001', '200550000000', '579.787');
INSERT INTO `distance` VALUES ('339906000001', '200560087350', '522.119');
INSERT INTO `distance` VALUES ('339906000001', '330382005800', '400.579');
INSERT INTO `distance` VALUES ('339906000001', '330382022900', '406.337');
INSERT INTO `distance` VALUES ('339906000001', '330421000002', '20.129');
INSERT INTO `distance` VALUES ('339906000001', '330421000003', '9.220');
INSERT INTO `distance` VALUES ('339906000001', '330482000001', '59.432');
INSERT INTO `distance` VALUES ('339906000001', '330482000002', '52.273');
INSERT INTO `distance` VALUES ('339906000001', '330482000003', '51.792');
INSERT INTO `distance` VALUES ('339906000001', '330503000001', '81.151');
INSERT INTO `distance` VALUES ('339906000001', '330522000001', '140.389');
INSERT INTO `distance` VALUES ('339906000001', '330921000001', '272.081');
INSERT INTO `distance` VALUES ('339906000001', '330921000002', '181.759');
INSERT INTO `distance` VALUES ('339906000001', '339906000002', '21.030');
INSERT INTO `distance` VALUES ('339906000001', '600040000001', '394.204');
INSERT INTO `distance` VALUES ('339906000001', '600040000002', '391.534');
INSERT INTO `distance` VALUES ('339906000001', '600050000001', '447.004');
INSERT INTO `distance` VALUES ('339906000001', '600060000001', '391.002');
INSERT INTO `distance` VALUES ('339906000001', '600070000001', '357.899');
INSERT INTO `distance` VALUES ('339906000001', '600080000001', '352.534');
INSERT INTO `distance` VALUES ('339906000001', '600090000001', '496.236');
INSERT INTO `distance` VALUES ('339906000001', '600110000000', '413.968');
INSERT INTO `distance` VALUES ('339906000001', '600110000001', '491.020');
INSERT INTO `distance` VALUES ('339906000001', '600110000009', '411.920');
INSERT INTO `distance` VALUES ('339906000001', '600120000001', '388.436');
INSERT INTO `distance` VALUES ('339906000001', '600120000002', '388.833');
INSERT INTO `distance` VALUES ('339906000001', '600140000001', '446.724');
INSERT INTO `distance` VALUES ('339906000001', '600150000001', '553.446');
INSERT INTO `distance` VALUES ('339906000001', '600500021001', '495.091');
INSERT INTO `distance` VALUES ('339906000002', '100010009700', '149.738');
INSERT INTO `distance` VALUES ('339906000002', '100500000011', '393.513');
INSERT INTO `distance` VALUES ('339906000002', '101041649001', '265.268');
INSERT INTO `distance` VALUES ('339906000002', '103200361700', '278.566');
INSERT INTO `distance` VALUES ('339906000002', '103300000003', '336.597');
INSERT INTO `distance` VALUES ('339906000002', '103300000010', '327.793');
INSERT INTO `distance` VALUES ('339906000002', '200030032001', '136.089');
INSERT INTO `distance` VALUES ('339906000002', '200110068100', '188.715');
INSERT INTO `distance` VALUES ('339906000002', '200160090650', '228.267');
INSERT INTO `distance` VALUES ('339906000002', '200370010500', '226.590');
INSERT INTO `distance` VALUES ('339906000002', '200500037100', '368.670');
INSERT INTO `distance` VALUES ('339906000002', '330382005800', '382.568');
INSERT INTO `distance` VALUES ('339906000002', '330421000002', '5.518');
INSERT INTO `distance` VALUES ('339906000002', '600110000009', '409.325');
INSERT INTO `distance` VALUES ('600040000001', '100010000000', '390.887');
INSERT INTO `distance` VALUES ('600040000001', '100010009700', '396.865');
INSERT INTO `distance` VALUES ('600040000001', '100350000002', '87.810');
INSERT INTO `distance` VALUES ('600040000001', '100420000011', '88.447');
INSERT INTO `distance` VALUES ('600040000001', '100440000001', '77.952');
INSERT INTO `distance` VALUES ('600040000001', '100500000008', '92.166');
INSERT INTO `distance` VALUES ('600040000001', '100500000010', '50.269');
INSERT INTO `distance` VALUES ('600040000001', '100500000011', '82.238');
INSERT INTO `distance` VALUES ('600040000001', '100510000005', '104.620');
INSERT INTO `distance` VALUES ('600040000001', '101041649001', '230.374');
INSERT INTO `distance` VALUES ('600040000001', '101041794960', '196.740');
INSERT INTO `distance` VALUES ('600040000001', '101041995400', '199.242');
INSERT INTO `distance` VALUES ('600040000001', '103200087200', '376.077');
INSERT INTO `distance` VALUES ('600040000001', '103200361700', '193.485');
INSERT INTO `distance` VALUES ('600040000001', '103200495800', '215.414');
INSERT INTO `distance` VALUES ('600040000001', '103201421250', '307.464');
INSERT INTO `distance` VALUES ('600040000001', '103300000002', '2.618');
INSERT INTO `distance` VALUES ('600040000001', '103300000003', '30.483');
INSERT INTO `distance` VALUES ('600040000001', '103300000004', '4.579');
INSERT INTO `distance` VALUES ('600040000001', '103300000005', '13.648');
INSERT INTO `distance` VALUES ('600040000001', '103300000006', '46.980');
INSERT INTO `distance` VALUES ('600040000001', '103300000007', '57.782');
INSERT INTO `distance` VALUES ('600040000001', '103300000010', '39.797');
INSERT INTO `distance` VALUES ('600040000001', '103300041001', '99.149');
INSERT INTO `distance` VALUES ('600040000001', '103300169280', '62.457');
INSERT INTO `distance` VALUES ('600040000001', '200010019400', '295.770');
INSERT INTO `distance` VALUES ('600040000001', '200020097000', '399.691');
INSERT INTO `distance` VALUES ('600040000001', '200030032001', '253.314');
INSERT INTO `distance` VALUES ('600040000001', '200030053800', '235.083');
INSERT INTO `distance` VALUES ('600040000001', '200070000000', '372.916');
INSERT INTO `distance` VALUES ('600040000001', '200090031600', '322.298');
INSERT INTO `distance` VALUES ('600040000001', '200110068100', '367.716');
INSERT INTO `distance` VALUES ('600040000001', '200160090650', '379.015');
INSERT INTO `distance` VALUES ('600040000001', '200170037550', '254.624');
INSERT INTO `distance` VALUES ('600040000001', '200180030200', '412.627');
INSERT INTO `distance` VALUES ('600040000001', '200370010500', '238.276');
INSERT INTO `distance` VALUES ('600040000001', '200410111850', '143.953');
INSERT INTO `distance` VALUES ('600040000001', '200420000001', '52.767');
INSERT INTO `distance` VALUES ('600040000001', '200420000005', '37.428');
INSERT INTO `distance` VALUES ('600040000001', '200490000001', '5.343');
INSERT INTO `distance` VALUES ('600040000001', '200490000002', '70.456');
INSERT INTO `distance` VALUES ('600040000001', '200490013100', '86.241');
INSERT INTO `distance` VALUES ('600040000001', '200500037100', '108.822');
INSERT INTO `distance` VALUES ('600040000001', '200520000001', '119.477');
INSERT INTO `distance` VALUES ('600040000001', '200520097001', '159.222');
INSERT INTO `distance` VALUES ('600040000001', '200530000001', '141.588');
INSERT INTO `distance` VALUES ('600040000001', '200530168400', '153.112');
INSERT INTO `distance` VALUES ('600040000001', '200560087350', '216.197');
INSERT INTO `distance` VALUES ('600040000001', '330382005800', '152.441');
INSERT INTO `distance` VALUES ('600040000001', '330382022900', '147.302');
INSERT INTO `distance` VALUES ('600040000001', '330421000002', '376.077');
INSERT INTO `distance` VALUES ('600040000001', '330421000003', '395.158');
INSERT INTO `distance` VALUES ('600040000001', '330482000001', '390.884');
INSERT INTO `distance` VALUES ('600040000001', '330482000002', '387.653');
INSERT INTO `distance` VALUES ('600040000001', '330482000003', '387.961');
INSERT INTO `distance` VALUES ('600040000001', '330503000001', '378.100');
INSERT INTO `distance` VALUES ('600040000001', '330522000001', '398.062');
INSERT INTO `distance` VALUES ('600040000001', '330921000002', '482.768');
INSERT INTO `distance` VALUES ('600040000001', '339906000002', '374.041');
INSERT INTO `distance` VALUES ('600040000001', '600040000002', '2.354');
INSERT INTO `distance` VALUES ('600040000001', '600050000001', '65.083');
INSERT INTO `distance` VALUES ('600040000001', '600060000001', '2.321');
INSERT INTO `distance` VALUES ('600040000001', '600070000001', '43.156');
INSERT INTO `distance` VALUES ('600040000001', '600080000001', '37.790');
INSERT INTO `distance` VALUES ('600040000001', '600090000001', '116.493');
INSERT INTO `distance` VALUES ('600040000001', '600110000001', '111.277');
INSERT INTO `distance` VALUES ('600040000001', '600110000009', '69.888');
INSERT INTO `distance` VALUES ('600040000001', '600120000001', '5.367');
INSERT INTO `distance` VALUES ('600040000001', '600120000002', '3.413');
INSERT INTO `distance` VALUES ('600040000001', '600140000001', '64.803');
INSERT INTO `distance` VALUES ('600040000001', '600150000001', '173.703');
INSERT INTO `distance` VALUES ('600040000001', '600500021001', '113.170');
INSERT INTO `distance` VALUES ('600040000002', '100010000000', '389.622');
INSERT INTO `distance` VALUES ('600040000002', '100010009700', '395.600');
INSERT INTO `distance` VALUES ('600040000002', '100350000002', '86.545');
INSERT INTO `distance` VALUES ('600040000002', '100420000011', '87.183');
INSERT INTO `distance` VALUES ('600040000002', '100440000001', '76.780');
INSERT INTO `distance` VALUES ('600040000002', '100500000008', '90.994');
INSERT INTO `distance` VALUES ('600040000002', '100500000010', '49.097');
INSERT INTO `distance` VALUES ('600040000002', '100500000011', '81.067');
INSERT INTO `distance` VALUES ('600040000002', '100510000005', '103.448');
INSERT INTO `distance` VALUES ('600040000002', '101041649001', '229.109');
INSERT INTO `distance` VALUES ('600040000002', '101041794960', '197.994');
INSERT INTO `distance` VALUES ('600040000002', '101041995400', '200.495');
INSERT INTO `distance` VALUES ('600040000002', '103200087200', '374.812');
INSERT INTO `distance` VALUES ('600040000002', '103200361700', '192.313');
INSERT INTO `distance` VALUES ('600040000002', '103200495800', '214.243');
INSERT INTO `distance` VALUES ('600040000002', '103201421250', '306.199');
INSERT INTO `distance` VALUES ('600040000002', '103300000002', '3.757');
INSERT INTO `distance` VALUES ('600040000002', '103300000003', '31.802');
INSERT INTO `distance` VALUES ('600040000002', '103300000004', '5.897');
INSERT INTO `distance` VALUES ('600040000002', '103300000005', '13.706');
INSERT INTO `distance` VALUES ('600040000002', '103300000006', '48.234');
INSERT INTO `distance` VALUES ('600040000002', '103300000010', '60.749');
INSERT INTO `distance` VALUES ('600040000002', '103300041001', '100.403');
INSERT INTO `distance` VALUES ('600040000002', '103300169280', '61.192');
INSERT INTO `distance` VALUES ('600040000002', '200010019400', '294.505');
INSERT INTO `distance` VALUES ('600040000002', '200020097000', '398.520');
INSERT INTO `distance` VALUES ('600040000002', '200030032001', '252.049');
INSERT INTO `distance` VALUES ('600040000002', '200030053800', '233.818');
INSERT INTO `distance` VALUES ('600040000002', '200070000000', '371.651');
INSERT INTO `distance` VALUES ('600040000002', '200090031600', '321.034');
INSERT INTO `distance` VALUES ('600040000002', '200110068100', '366.451');
INSERT INTO `distance` VALUES ('600040000002', '200160090650', '351.165');
INSERT INTO `distance` VALUES ('600040000002', '200170037550', '253.452');
INSERT INTO `distance` VALUES ('600040000002', '200180030200', '411.362');
INSERT INTO `distance` VALUES ('600040000002', '200370010500', '237.011');
INSERT INTO `distance` VALUES ('600040000002', '200410111850', '145.207');
INSERT INTO `distance` VALUES ('600040000002', '200420000001', '54.085');
INSERT INTO `distance` VALUES ('600040000002', '200490000001', '6.662');
INSERT INTO `distance` VALUES ('600040000002', '200490013100', '87.495');
INSERT INTO `distance` VALUES ('600040000002', '200500037100', '107.650');
INSERT INTO `distance` VALUES ('600040000002', '200520000001', '118.305');
INSERT INTO `distance` VALUES ('600040000002', '200520097001', '158.050');
INSERT INTO `distance` VALUES ('600040000002', '200530000001', '140.416');
INSERT INTO `distance` VALUES ('600040000002', '200530168400', '151.940');
INSERT INTO `distance` VALUES ('600040000002', '200560087350', '217.450');
INSERT INTO `distance` VALUES ('600040000002', '330382005800', '153.695');
INSERT INTO `distance` VALUES ('600040000002', '330382022900', '148.555');
INSERT INTO `distance` VALUES ('600040000002', '330421000002', '374.812');
INSERT INTO `distance` VALUES ('600040000002', '330421000003', '393.894');
INSERT INTO `distance` VALUES ('600040000002', '330482000001', '389.619');
INSERT INTO `distance` VALUES ('600040000002', '330482000002', '386.389');
INSERT INTO `distance` VALUES ('600040000002', '330482000003', '386.696');
INSERT INTO `distance` VALUES ('600040000002', '330503000001', '376.835');
INSERT INTO `distance` VALUES ('600040000002', '330522000001', '396.797');
INSERT INTO `distance` VALUES ('600040000002', '330921000002', '481.504');
INSERT INTO `distance` VALUES ('600040000002', '339906000002', '372.777');
INSERT INTO `distance` VALUES ('600040000002', '600050000001', '66.337');
INSERT INTO `distance` VALUES ('600040000002', '600070000001', '44.474');
INSERT INTO `distance` VALUES ('600040000002', '600110000009', '68.717');
INSERT INTO `distance` VALUES ('600040000002', '600120000001', '4.103');
INSERT INTO `distance` VALUES ('600040000002', '600120000002', '2.524');
INSERT INTO `distance` VALUES ('600040000002', '600140000001', '66.056');
INSERT INTO `distance` VALUES ('600040000002', '600150000001', '172.532');
INSERT INTO `distance` VALUES ('600040000002', '600500021001', '114.423');
INSERT INTO `distance` VALUES ('600050000001', '100010009700', '451.408');
INSERT INTO `distance` VALUES ('600050000001', '100500000010', '99.401');
INSERT INTO `distance` VALUES ('600050000001', '100500000011', '131.371');
INSERT INTO `distance` VALUES ('600050000001', '101041649001', '248.975');
INSERT INTO `distance` VALUES ('600050000001', '101041995400', '139.361');
INSERT INTO `distance` VALUES ('600050000001', '103200361700', '242.617');
INSERT INTO `distance` VALUES ('600050000001', '103300000003', '100.495');
INSERT INTO `distance` VALUES ('600050000001', '103300000010', '116.556');
INSERT INTO `distance` VALUES ('600050000001', '200030032001', '307.857');
INSERT INTO `distance` VALUES ('600050000001', '200110068100', '422.259');
INSERT INTO `distance` VALUES ('600050000001', '200160090650', '401.470');
INSERT INTO `distance` VALUES ('600050000001', '200370010500', '259.971');
INSERT INTO `distance` VALUES ('600050000001', '200500037100', '157.955');
INSERT INTO `distance` VALUES ('600050000001', '330382005800', '92.561');
INSERT INTO `distance` VALUES ('600050000001', '330421000002', '430.619');
INSERT INTO `distance` VALUES ('600050000001', '330503000001', '432.643');
INSERT INTO `distance` VALUES ('600050000001', '339906000002', '428.584');
INSERT INTO `distance` VALUES ('600050000001', '600110000009', '119.021');
INSERT INTO `distance` VALUES ('600060000001', '100010000000', '389.090');
INSERT INTO `distance` VALUES ('600060000001', '100010009700', '395.068');
INSERT INTO `distance` VALUES ('600060000001', '100350000002', '86.012');
INSERT INTO `distance` VALUES ('600060000001', '100420000011', '86.650');
INSERT INTO `distance` VALUES ('600060000001', '100440000001', '76.658');
INSERT INTO `distance` VALUES ('600060000001', '100500000008', '90.873');
INSERT INTO `distance` VALUES ('600060000001', '100500000010', '48.976');
INSERT INTO `distance` VALUES ('600060000001', '100500000011', '80.945');
INSERT INTO `distance` VALUES ('600060000001', '100510000005', '103.327');
INSERT INTO `distance` VALUES ('600060000001', '101041649001', '228.577');
INSERT INTO `distance` VALUES ('600060000001', '101041794960', '197.872');
INSERT INTO `distance` VALUES ('600060000001', '101041995400', '200.374');
INSERT INTO `distance` VALUES ('600060000001', '103200087200', '374.279');
INSERT INTO `distance` VALUES ('600060000001', '103200361700', '192.192');
INSERT INTO `distance` VALUES ('600060000001', '103200495800', '214.121');
INSERT INTO `distance` VALUES ('600060000001', '103201421250', '305.666');
INSERT INTO `distance` VALUES ('600060000001', '103300000002', '4.797');
INSERT INTO `distance` VALUES ('600060000001', '103300000003', '31.423');
INSERT INTO `distance` VALUES ('600060000001', '103300000004', '5.518');
INSERT INTO `distance` VALUES ('600060000001', '103300000005', '13.584');
INSERT INTO `distance` VALUES ('600060000001', '103300000006', '48.112');
INSERT INTO `distance` VALUES ('600060000001', '103300000007', '58.914');
INSERT INTO `distance` VALUES ('600060000001', '103300000010', '40.737');
INSERT INTO `distance` VALUES ('600060000001', '103300041001', '100.281');
INSERT INTO `distance` VALUES ('600060000001', '103300169280', '60.660');
INSERT INTO `distance` VALUES ('600060000001', '200010019400', '293.972');
INSERT INTO `distance` VALUES ('600060000001', '200020097000', '398.398');
INSERT INTO `distance` VALUES ('600060000001', '200030032001', '251.517');
INSERT INTO `distance` VALUES ('600060000001', '200030053800', '233.285');
INSERT INTO `distance` VALUES ('600060000001', '200070000000', '371.118');
INSERT INTO `distance` VALUES ('600060000001', '200090031600', '320.501');
INSERT INTO `distance` VALUES ('600060000001', '200110068100', '365.919');
INSERT INTO `distance` VALUES ('600060000001', '200160090650', '377.218');
INSERT INTO `distance` VALUES ('600060000001', '200170037550', '253.331');
INSERT INTO `distance` VALUES ('600060000001', '200180030200', '410.829');
INSERT INTO `distance` VALUES ('600060000001', '200370010500', '236.478');
INSERT INTO `distance` VALUES ('600060000001', '200410111850', '145.085');
INSERT INTO `distance` VALUES ('600060000001', '200420000001', '53.706');
INSERT INTO `distance` VALUES ('600060000001', '200490000001', '6.283');
INSERT INTO `distance` VALUES ('600060000001', '200490013100', '87.373');
INSERT INTO `distance` VALUES ('600060000001', '200500037100', '107.529');
INSERT INTO `distance` VALUES ('600060000001', '200520000001', '118.184');
INSERT INTO `distance` VALUES ('600060000001', '200520097001', '157.929');
INSERT INTO `distance` VALUES ('600060000001', '200530000001', '140.295');
INSERT INTO `distance` VALUES ('600060000001', '200530168400', '151.818');
INSERT INTO `distance` VALUES ('600060000001', '200560087350', '217.329');
INSERT INTO `distance` VALUES ('600060000001', '330382005800', '153.573');
INSERT INTO `distance` VALUES ('600060000001', '330382022900', '148.434');
INSERT INTO `distance` VALUES ('600060000001', '330421000002', '374.279');
INSERT INTO `distance` VALUES ('600060000001', '330421000003', '393.361');
INSERT INTO `distance` VALUES ('600060000001', '330482000001', '389.086');
INSERT INTO `distance` VALUES ('600060000001', '330482000002', '385.856');
INSERT INTO `distance` VALUES ('600060000001', '330482000003', '386.163');
INSERT INTO `distance` VALUES ('600060000001', '330503000001', '376.303');
INSERT INTO `distance` VALUES ('600060000001', '330522000001', '396.264');
INSERT INTO `distance` VALUES ('600060000001', '330921000002', '480.971');
INSERT INTO `distance` VALUES ('600060000001', '339906000002', '372.244');
INSERT INTO `distance` VALUES ('600060000001', '600040000002', '0.519');
INSERT INTO `distance` VALUES ('600060000001', '600050000001', '66.215');
INSERT INTO `distance` VALUES ('600060000001', '600070000001', '44.095');
INSERT INTO `distance` VALUES ('600060000001', '600110000009', '68.595');
INSERT INTO `distance` VALUES ('600060000001', '600120000001', '3.570');
INSERT INTO `distance` VALUES ('600060000001', '600120000002', '1.992');
INSERT INTO `distance` VALUES ('600060000001', '600140000001', '65.935');
INSERT INTO `distance` VALUES ('600060000001', '600150000001', '172.410');
INSERT INTO `distance` VALUES ('600060000001', '600500021001', '114.302');
INSERT INTO `distance` VALUES ('600070000001', '100010000000', '356.003');
INSERT INTO `distance` VALUES ('600070000001', '100010009700', '361.981');
INSERT INTO `distance` VALUES ('600070000001', '100350000002', '25.137');
INSERT INTO `distance` VALUES ('600070000001', '100420000011', '25.775');
INSERT INTO `distance` VALUES ('600070000001', '100500000010', '112.158');
INSERT INTO `distance` VALUES ('600070000001', '100500000011', '144.127');
INSERT INTO `distance` VALUES ('600070000001', '100510000005', '166.509');
INSERT INTO `distance` VALUES ('600070000001', '101041649001', '178.805');
INSERT INTO `distance` VALUES ('600070000001', '101041794960', '182.334');
INSERT INTO `distance` VALUES ('600070000001', '101041995400', '263.309');
INSERT INTO `distance` VALUES ('600070000001', '103200087200', '341.193');
INSERT INTO `distance` VALUES ('600070000001', '103200361700', '154.517');
INSERT INTO `distance` VALUES ('600070000001', '103201421250', '272.580');
INSERT INTO `distance` VALUES ('600070000001', '103300000002', '45.519');
INSERT INTO `distance` VALUES ('600070000001', '103300000003', '13.001');
INSERT INTO `distance` VALUES ('600070000001', '103300000004', '39.528');
INSERT INTO `distance` VALUES ('600070000001', '103300000005', '78.238');
INSERT INTO `distance` VALUES ('600070000001', '103300000006', '111.048');
INSERT INTO `distance` VALUES ('600070000001', '103300000010', '12.586');
INSERT INTO `distance` VALUES ('600070000001', '103300041001', '163.217');
INSERT INTO `distance` VALUES ('600070000001', '103300169280', '17.811');
INSERT INTO `distance` VALUES ('600070000001', '200010019400', '260.886');
INSERT INTO `distance` VALUES ('600070000001', '200020097000', '368.802');
INSERT INTO `distance` VALUES ('600070000001', '200030032001', '218.430');
INSERT INTO `distance` VALUES ('600070000001', '200110068100', '332.832');
INSERT INTO `distance` VALUES ('600070000001', '200160090650', '344.132');
INSERT INTO `distance` VALUES ('600070000001', '200170037550', '251.035');
INSERT INTO `distance` VALUES ('600070000001', '200370010500', '150.080');
INSERT INTO `distance` VALUES ('600070000001', '200410111850', '137.215');
INSERT INTO `distance` VALUES ('600070000001', '200420000001', '15.221');
INSERT INTO `distance` VALUES ('600070000001', '200490000001', '37.918');
INSERT INTO `distance` VALUES ('600070000001', '200490013100', '150.309');
INSERT INTO `distance` VALUES ('600070000001', '200500037100', '170.711');
INSERT INTO `distance` VALUES ('600070000001', '200520000001', '181.366');
INSERT INTO `distance` VALUES ('600070000001', '200520097001', '221.111');
INSERT INTO `distance` VALUES ('600070000001', '200530000001', '203.477');
INSERT INTO `distance` VALUES ('600070000001', '200560087350', '280.264');
INSERT INTO `distance` VALUES ('600070000001', '330382005800', '194.631');
INSERT INTO `distance` VALUES ('600070000001', '330421000002', '341.193');
INSERT INTO `distance` VALUES ('600070000001', '330421000003', '360.274');
INSERT INTO `distance` VALUES ('600070000001', '330482000001', '356.000');
INSERT INTO `distance` VALUES ('600070000001', '330482000003', '353.077');
INSERT INTO `distance` VALUES ('600070000001', '330503000001', '343.216');
INSERT INTO `distance` VALUES ('600070000001', '330522000001', '363.178');
INSERT INTO `distance` VALUES ('600070000001', '339906000002', '339.158');
INSERT INTO `distance` VALUES ('600070000001', '600050000001', '129.151');
INSERT INTO `distance` VALUES ('600070000001', '600110000009', '131.777');
INSERT INTO `distance` VALUES ('600070000001', '600140000001', '128.870');
INSERT INTO `distance` VALUES ('600070000001', '600150000001', '235.592');
INSERT INTO `distance` VALUES ('600070000001', '600500021001', '177.237');
INSERT INTO `distance` VALUES ('600080000001', '100010000000', '350.638');
INSERT INTO `distance` VALUES ('600080000001', '100010009700', '356.616');
INSERT INTO `distance` VALUES ('600080000001', '100350000002', '26.127');
INSERT INTO `distance` VALUES ('600080000001', '100420000011', '26.765');
INSERT INTO `distance` VALUES ('600080000001', '100440000001', '134.475');
INSERT INTO `distance` VALUES ('600080000001', '100500000008', '148.689');
INSERT INTO `distance` VALUES ('600080000001', '100500000010', '106.792');
INSERT INTO `distance` VALUES ('600080000001', '100500000011', '138.762');
INSERT INTO `distance` VALUES ('600080000001', '100510000005', '161.143');
INSERT INTO `distance` VALUES ('600080000001', '101041649001', '190.125');
INSERT INTO `distance` VALUES ('600080000001', '101041794960', '193.653');
INSERT INTO `distance` VALUES ('600080000001', '101041995400', '257.943');
INSERT INTO `distance` VALUES ('600080000001', '103200087200', '335.827');
INSERT INTO `distance` VALUES ('600080000001', '103200361700', '149.152');
INSERT INTO `distance` VALUES ('600080000001', '103200495800', '206.460');
INSERT INTO `distance` VALUES ('600080000001', '103201421250', '267.215');
INSERT INTO `distance` VALUES ('600080000001', '103300000002', '40.154');
INSERT INTO `distance` VALUES ('600080000001', '103300000003', '7.635');
INSERT INTO `distance` VALUES ('600080000001', '103300000004', '34.162');
INSERT INTO `distance` VALUES ('600080000001', '103300000005', '72.873');
INSERT INTO `distance` VALUES ('600080000001', '103300000006', '105.682');
INSERT INTO `distance` VALUES ('600080000001', '103300000007', '116.484');
INSERT INTO `distance` VALUES ('600080000001', '103300000010', '7.221');
INSERT INTO `distance` VALUES ('600080000001', '103300041001', '157.851');
INSERT INTO `distance` VALUES ('600080000001', '103300169280', '17.976');
INSERT INTO `distance` VALUES ('600080000001', '200010019400', '255.521');
INSERT INTO `distance` VALUES ('600080000001', '200020097000', '363.437');
INSERT INTO `distance` VALUES ('600080000001', '200030032001', '213.065');
INSERT INTO `distance` VALUES ('600080000001', '200030053800', '194.833');
INSERT INTO `distance` VALUES ('600080000001', '200070000000', '332.666');
INSERT INTO `distance` VALUES ('600080000001', '200090031600', '282.049');
INSERT INTO `distance` VALUES ('600080000001', '200110068100', '327.467');
INSERT INTO `distance` VALUES ('600080000001', '200160090650', '338.766');
INSERT INTO `distance` VALUES ('600080000001', '200170037550', '245.670');
INSERT INTO `distance` VALUES ('600080000001', '200180030200', '372.377');
INSERT INTO `distance` VALUES ('600080000001', '200370010500', '148.446');
INSERT INTO `distance` VALUES ('600080000001', '200410111850', '148.535');
INSERT INTO `distance` VALUES ('600080000001', '200420000001', '16.211');
INSERT INTO `distance` VALUES ('600080000001', '200490000001', '32.553');
INSERT INTO `distance` VALUES ('600080000001', '200490000002', '129.158');
INSERT INTO `distance` VALUES ('600080000001', '200490013100', '144.943');
INSERT INTO `distance` VALUES ('600080000001', '200500037100', '165.346');
INSERT INTO `distance` VALUES ('600080000001', '200520000001', '176.001');
INSERT INTO `distance` VALUES ('600080000001', '200520097001', '215.745');
INSERT INTO `distance` VALUES ('600080000001', '200530000001', '198.112');
INSERT INTO `distance` VALUES ('600080000001', '200530168400', '209.635');
INSERT INTO `distance` VALUES ('600080000001', '200560087350', '274.899');
INSERT INTO `distance` VALUES ('600080000001', '330382005800', '205.950');
INSERT INTO `distance` VALUES ('600080000001', '330382022900', '200.811');
INSERT INTO `distance` VALUES ('600080000001', '330421000002', '335.827');
INSERT INTO `distance` VALUES ('600080000001', '330421000003', '354.909');
INSERT INTO `distance` VALUES ('600080000001', '330482000001', '350.634');
INSERT INTO `distance` VALUES ('600080000001', '330482000002', '347.404');
INSERT INTO `distance` VALUES ('600080000001', '330482000003', '347.711');
INSERT INTO `distance` VALUES ('600080000001', '330503000001', '337.851');
INSERT INTO `distance` VALUES ('600080000001', '330522000001', '357.812');
INSERT INTO `distance` VALUES ('600080000001', '330921000002', '392.939');
INSERT INTO `distance` VALUES ('600080000001', '339906000002', '333.792');
INSERT INTO `distance` VALUES ('600080000001', '600040000002', '39.996');
INSERT INTO `distance` VALUES ('600080000001', '600050000001', '123.785');
INSERT INTO `distance` VALUES ('600080000001', '600060000001', '38.865');
INSERT INTO `distance` VALUES ('600080000001', '600070000001', '5.365');
INSERT INTO `distance` VALUES ('600080000001', '600110000009', '126.412');
INSERT INTO `distance` VALUES ('600080000001', '600120000001', '38.381');
INSERT INTO `distance` VALUES ('600080000001', '600120000002', '38.870');
INSERT INTO `distance` VALUES ('600080000001', '600140000001', '123.505');
INSERT INTO `distance` VALUES ('600080000001', '600150000001', '230.227');
INSERT INTO `distance` VALUES ('600080000001', '600500021001', '171.872');
INSERT INTO `distance` VALUES ('600090000001', '100010000000', '493.004');
INSERT INTO `distance` VALUES ('600090000001', '100010009700', '500.537');
INSERT INTO `distance` VALUES ('600090000001', '100350000002', '189.926');
INSERT INTO `distance` VALUES ('600090000001', '100420000011', '190.564');
INSERT INTO `distance` VALUES ('600090000001', '100440000001', '128.473');
INSERT INTO `distance` VALUES ('600090000001', '100500000008', '142.687');
INSERT INTO `distance` VALUES ('600090000001', '100500000010', '100.790');
INSERT INTO `distance` VALUES ('600090000001', '100500000011', '132.759');
INSERT INTO `distance` VALUES ('600090000001', '100510000005', '155.141');
INSERT INTO `distance` VALUES ('600090000001', '101041649001', '332.491');
INSERT INTO `distance` VALUES ('600090000001', '101041794960', '294.640');
INSERT INTO `distance` VALUES ('600090000001', '101041995400', '297.141');
INSERT INTO `distance` VALUES ('600090000001', '103200087200', '478.193');
INSERT INTO `distance` VALUES ('600090000001', '103200361700', '244.006');
INSERT INTO `distance` VALUES ('600090000001', '103200495800', '265.935');
INSERT INTO `distance` VALUES ('600090000001', '103201421250', '410.769');
INSERT INTO `distance` VALUES ('600090000001', '103300000002', '113.962');
INSERT INTO `distance` VALUES ('600090000001', '103300000003', '148.069');
INSERT INTO `distance` VALUES ('600090000001', '103300000004', '122.164');
INSERT INTO `distance` VALUES ('600090000001', '103300000005', '112.070');
INSERT INTO `distance` VALUES ('600090000001', '103300000006', '144.880');
INSERT INTO `distance` VALUES ('600090000001', '103300000007', '155.682');
INSERT INTO `distance` VALUES ('600090000001', '103300000010', '164.130');
INSERT INTO `distance` VALUES ('600090000001', '103300041001', '197.049');
INSERT INTO `distance` VALUES ('600090000001', '103300169280', '164.573');
INSERT INTO `distance` VALUES ('600090000001', '200010019400', '397.886');
INSERT INTO `distance` VALUES ('600090000001', '200020097000', '450.212');
INSERT INTO `distance` VALUES ('600090000001', '200030032001', '355.431');
INSERT INTO `distance` VALUES ('600090000001', '200030053800', '337.199');
INSERT INTO `distance` VALUES ('600090000001', '200070000000', '475.032');
INSERT INTO `distance` VALUES ('600090000001', '200090031600', '432.086');
INSERT INTO `distance` VALUES ('600090000001', '200110068100', '471.021');
INSERT INTO `distance` VALUES ('600090000001', '200160090650', '402.858');
INSERT INTO `distance` VALUES ('600090000001', '200170037550', '305.145');
INSERT INTO `distance` VALUES ('600090000001', '200180030200', '437.122');
INSERT INTO `distance` VALUES ('600090000001', '200370010500', '340.392');
INSERT INTO `distance` VALUES ('600090000001', '200410111850', '241.853');
INSERT INTO `distance` VALUES ('600090000001', '200420000001', '174.407');
INSERT INTO `distance` VALUES ('600090000001', '200420000005', '169.190');
INSERT INTO `distance` VALUES ('600090000001', '200490000001', '122.929');
INSERT INTO `distance` VALUES ('600090000001', '200490000002', '168.355');
INSERT INTO `distance` VALUES ('600090000001', '200490013100', '184.141');
INSERT INTO `distance` VALUES ('600090000001', '200500037100', '159.343');
INSERT INTO `distance` VALUES ('600090000001', '200520000001', '119.021');
INSERT INTO `distance` VALUES ('600090000001', '200520097001', '158.766');
INSERT INTO `distance` VALUES ('600090000001', '200530000001', '26.002');
INSERT INTO `distance` VALUES ('600090000001', '200530168400', '37.526');
INSERT INTO `distance` VALUES ('600090000001', '200560087350', '175.649');
INSERT INTO `distance` VALUES ('600090000001', '330382005800', '250.341');
INSERT INTO `distance` VALUES ('600090000001', '330382022900', '245.201');
INSERT INTO `distance` VALUES ('600090000001', '330421000002', '478.193');
INSERT INTO `distance` VALUES ('600090000001', '330421000003', '497.275');
INSERT INTO `distance` VALUES ('600090000001', '330482000001', '493.000');
INSERT INTO `distance` VALUES ('600090000001', '330482000002', '489.770');
INSERT INTO `distance` VALUES ('600090000001', '330482000003', '490.077');
INSERT INTO `distance` VALUES ('600090000001', '330503000001', '487.888');
INSERT INTO `distance` VALUES ('600090000001', '330522000001', '501.734');
INSERT INTO `distance` VALUES ('600090000001', '330921000002', '584.886');
INSERT INTO `distance` VALUES ('600090000001', '339906000002', '476.158');
INSERT INTO `distance` VALUES ('600090000001', '600040000002', '112.872');
INSERT INTO `distance` VALUES ('600090000001', '600050000001', '162.983');
INSERT INTO `distance` VALUES ('600090000001', '600060000001', '112.846');
INSERT INTO `distance` VALUES ('600090000001', '600070000001', '176.225');
INSERT INTO `distance` VALUES ('600090000001', '600080000001', '170.859');
INSERT INTO `distance` VALUES ('600090000001', '600110000001', '3.743');
INSERT INTO `distance` VALUES ('600090000001', '600110000009', '120.409');
INSERT INTO `distance` VALUES ('600090000001', '600120000001', '118.125');
INSERT INTO `distance` VALUES ('600090000001', '600120000002', '118.523');
INSERT INTO `distance` VALUES ('600090000001', '600140000001', '162.702');
INSERT INTO `distance` VALUES ('600090000001', '600150000001', '63.985');
INSERT INTO `distance` VALUES ('600090000001', '600500021001', '211.069');
INSERT INTO `distance` VALUES ('600110000000', '100010000000', '423.688');
INSERT INTO `distance` VALUES ('600110000000', '100010009700', '390.261');
INSERT INTO `distance` VALUES ('600110000000', '100350000002', '148.863');
INSERT INTO `distance` VALUES ('600110000000', '100420000011', '149.500');
INSERT INTO `distance` VALUES ('600110000000', '100440000001', '9.829');
INSERT INTO `distance` VALUES ('600110000000', '100500000008', '32.410');
INSERT INTO `distance` VALUES ('600110000000', '100500000010', '18.274');
INSERT INTO `distance` VALUES ('600110000000', '100500000011', '18.141');
INSERT INTO `distance` VALUES ('600110000000', '100510000005', '44.864');
INSERT INTO `distance` VALUES ('600110000000', '101041488001', '304.892');
INSERT INTO `distance` VALUES ('600110000000', '101041649001', '291.427');
INSERT INTO `distance` VALUES ('600110000000', '101041794960', '253.576');
INSERT INTO `distance` VALUES ('600110000000', '101041995400', '256.077');
INSERT INTO `distance` VALUES ('600110000000', '103200087200', '415.327');
INSERT INTO `distance` VALUES ('600110000000', '103200361700', '133.729');
INSERT INTO `distance` VALUES ('600110000000', '103200495800', '155.659');
INSERT INTO `distance` VALUES ('600110000000', '103201421250', '300.492');
INSERT INTO `distance` VALUES ('600110000000', '103300000002', '72.898');
INSERT INTO `distance` VALUES ('600110000000', '103300000003', '107.005');
INSERT INTO `distance` VALUES ('600110000000', '103300000004', '81.101');
INSERT INTO `distance` VALUES ('600110000000', '103300000005', '71.006');
INSERT INTO `distance` VALUES ('600110000000', '103300000006', '103.816');
INSERT INTO `distance` VALUES ('600110000000', '103300000007', '114.618');
INSERT INTO `distance` VALUES ('600110000000', '103300000010', '123.066');
INSERT INTO `distance` VALUES ('600110000000', '103300041001', '155.985');
INSERT INTO `distance` VALUES ('600110000000', '103300169280', '123.510');
INSERT INTO `distance` VALUES ('600110000000', '200010019400', '325.616');
INSERT INTO `distance` VALUES ('600110000000', '200020097000', '339.936');
INSERT INTO `distance` VALUES ('600110000000', '200030032001', '282.734');
INSERT INTO `distance` VALUES ('600110000000', '200030053800', '266.860');
INSERT INTO `distance` VALUES ('600110000000', '200070000000', '389.560');
INSERT INTO `distance` VALUES ('600110000000', '200090031600', '321.809');
INSERT INTO `distance` VALUES ('600110000000', '200110068100', '360.744');
INSERT INTO `distance` VALUES ('600110000000', '200160090650', '292.581');
INSERT INTO `distance` VALUES ('600110000000', '200170037550', '194.869');
INSERT INTO `distance` VALUES ('600110000000', '200180030200', '326.846');
INSERT INTO `distance` VALUES ('600110000000', '200370010500', '270.317');
INSERT INTO `distance` VALUES ('600110000000', '200410111850', '200.789');
INSERT INTO `distance` VALUES ('600110000000', '200420000001', '133.343');
INSERT INTO `distance` VALUES ('600110000000', '200420000005', '128.126');
INSERT INTO `distance` VALUES ('600110000000', '200490000001', '81.865');
INSERT INTO `distance` VALUES ('600110000000', '200490000002', '127.291');
INSERT INTO `distance` VALUES ('600110000000', '200490013100', '143.077');
INSERT INTO `distance` VALUES ('600110000000', '200500037100', '49.067');
INSERT INTO `distance` VALUES ('600110000000', '200520000001', '128.312');
INSERT INTO `distance` VALUES ('600110000000', '200520097001', '168.056');
INSERT INTO `distance` VALUES ('600110000000', '200530000001', '150.423');
INSERT INTO `distance` VALUES ('600110000000', '200530168400', '161.946');
INSERT INTO `distance` VALUES ('600110000000', '200540000000', '197.907');
INSERT INTO `distance` VALUES ('600110000000', '200550000000', '208.879');
INSERT INTO `distance` VALUES ('600110000000', '200560087350', '184.940');
INSERT INTO `distance` VALUES ('600110000000', '330382005800', '209.277');
INSERT INTO `distance` VALUES ('600110000000', '330382022900', '204.138');
INSERT INTO `distance` VALUES ('600110000000', '330421000002', '415.327');
INSERT INTO `distance` VALUES ('600110000000', '330421000003', '420.305');
INSERT INTO `distance` VALUES ('600110000000', '330482000001', '423.684');
INSERT INTO `distance` VALUES ('600110000000', '330482000002', '420.454');
INSERT INTO `distance` VALUES ('600110000000', '330482000003', '420.761');
INSERT INTO `distance` VALUES ('600110000000', '330503000001', '377.611');
INSERT INTO `distance` VALUES ('600110000000', '330522000001', '391.457');
INSERT INTO `distance` VALUES ('600110000000', '330921000002', '567.640');
INSERT INTO `distance` VALUES ('600110000000', '339906000002', '413.292');
INSERT INTO `distance` VALUES ('600110000000', '600040000001', '74.686');
INSERT INTO `distance` VALUES ('600110000000', '600040000002', '71.808');
INSERT INTO `distance` VALUES ('600110000000', '600050000001', '121.919');
INSERT INTO `distance` VALUES ('600110000000', '600060000001', '71.782');
INSERT INTO `distance` VALUES ('600110000000', '600070000001', '135.161');
INSERT INTO `distance` VALUES ('600110000000', '600080000001', '129.796');
INSERT INTO `distance` VALUES ('600110000000', '600090000001', '125.328');
INSERT INTO `distance` VALUES ('600110000000', '600110000001', '120.111');
INSERT INTO `distance` VALUES ('600110000000', '600110000009', '4.177');
INSERT INTO `distance` VALUES ('600110000000', '600120000001', '77.061');
INSERT INTO `distance` VALUES ('600110000000', '600120000002', '77.459');
INSERT INTO `distance` VALUES ('600110000000', '600140000001', '121.638');
INSERT INTO `distance` VALUES ('600110000000', '600150000001', '182.538');
INSERT INTO `distance` VALUES ('600110000000', '600500021001', '170.005');
INSERT INTO `distance` VALUES ('600110000001', '100010000000', '490.313');
INSERT INTO `distance` VALUES ('600110000001', '100010009700', '497.847');
INSERT INTO `distance` VALUES ('600110000001', '100350000002', '187.236');
INSERT INTO `distance` VALUES ('600110000001', '100420000011', '187.873');
INSERT INTO `distance` VALUES ('600110000001', '100440000001', '125.782');
INSERT INTO `distance` VALUES ('600110000001', '100500000008', '139.996');
INSERT INTO `distance` VALUES ('600110000001', '100500000010', '98.099');
INSERT INTO `distance` VALUES ('600110000001', '100500000011', '130.069');
INSERT INTO `distance` VALUES ('600110000001', '100510000005', '152.450');
INSERT INTO `distance` VALUES ('600110000001', '101041649001', '329.800');
INSERT INTO `distance` VALUES ('600110000001', '101041794960', '291.949');
INSERT INTO `distance` VALUES ('600110000001', '101041995400', '294.450');
INSERT INTO `distance` VALUES ('600110000001', '103200087200', '475.503');
INSERT INTO `distance` VALUES ('600110000001', '103200361700', '241.315');
INSERT INTO `distance` VALUES ('600110000001', '103200495800', '263.245');
INSERT INTO `distance` VALUES ('600110000001', '103201421250', '408.078');
INSERT INTO `distance` VALUES ('600110000001', '103300000002', '111.271');
INSERT INTO `distance` VALUES ('600110000001', '103300000003', '145.378');
INSERT INTO `distance` VALUES ('600110000001', '103300000004', '119.474');
INSERT INTO `distance` VALUES ('600110000001', '103300000005', '109.380');
INSERT INTO `distance` VALUES ('600110000001', '103300000006', '142.189');
INSERT INTO `distance` VALUES ('600110000001', '103300000007', '152.991');
INSERT INTO `distance` VALUES ('600110000001', '103300000010', '161.439');
INSERT INTO `distance` VALUES ('600110000001', '103300041001', '194.358');
INSERT INTO `distance` VALUES ('600110000001', '103300169280', '161.883');
INSERT INTO `distance` VALUES ('600110000001', '200010019400', '395.196');
INSERT INTO `distance` VALUES ('600110000001', '200020097000', '447.522');
INSERT INTO `distance` VALUES ('600110000001', '200030032001', '352.740');
INSERT INTO `distance` VALUES ('600110000001', '200030053800', '334.509');
INSERT INTO `distance` VALUES ('600110000001', '200070000000', '472.342');
INSERT INTO `distance` VALUES ('600110000001', '200090031600', '429.395');
INSERT INTO `distance` VALUES ('600110000001', '200110068100', '468.331');
INSERT INTO `distance` VALUES ('600110000001', '200160090650', '400.167');
INSERT INTO `distance` VALUES ('600110000001', '200170037550', '302.454');
INSERT INTO `distance` VALUES ('600110000001', '200180030200', '434.432');
INSERT INTO `distance` VALUES ('600110000001', '200370010500', '337.702');
INSERT INTO `distance` VALUES ('600110000001', '200410111850', '239.162');
INSERT INTO `distance` VALUES ('600110000001', '200420000001', '171.716');
INSERT INTO `distance` VALUES ('600110000001', '200420000005', '166.499');
INSERT INTO `distance` VALUES ('600110000001', '200490000001', '120.239');
INSERT INTO `distance` VALUES ('600110000001', '200490000002', '165.664');
INSERT INTO `distance` VALUES ('600110000001', '200490013100', '181.450');
INSERT INTO `distance` VALUES ('600110000001', '200500037100', '156.653');
INSERT INTO `distance` VALUES ('600110000001', '200520000001', '116.330');
INSERT INTO `distance` VALUES ('600110000001', '200520097001', '156.075');
INSERT INTO `distance` VALUES ('600110000001', '200530000001', '28.837');
INSERT INTO `distance` VALUES ('600110000001', '200530168400', '40.361');
INSERT INTO `distance` VALUES ('600110000001', '200560087350', '172.959');
INSERT INTO `distance` VALUES ('600110000001', '330382005800', '247.650');
INSERT INTO `distance` VALUES ('600110000001', '330382022900', '242.511');
INSERT INTO `distance` VALUES ('600110000001', '330421000002', '475.503');
INSERT INTO `distance` VALUES ('600110000001', '330421000003', '494.584');
INSERT INTO `distance` VALUES ('600110000001', '330482000001', '490.310');
INSERT INTO `distance` VALUES ('600110000001', '330482000002', '487.079');
INSERT INTO `distance` VALUES ('600110000001', '330482000003', '487.387');
INSERT INTO `distance` VALUES ('600110000001', '330503000001', '485.197');
INSERT INTO `distance` VALUES ('600110000001', '330522000001', '499.043');
INSERT INTO `distance` VALUES ('600110000001', '330921000002', '582.195');
INSERT INTO `distance` VALUES ('600110000001', '339906000002', '473.468');
INSERT INTO `distance` VALUES ('600110000001', '600040000002', '110.181');
INSERT INTO `distance` VALUES ('600110000001', '600050000001', '160.292');
INSERT INTO `distance` VALUES ('600110000001', '600060000001', '110.155');
INSERT INTO `distance` VALUES ('600110000001', '600070000001', '173.534');
INSERT INTO `distance` VALUES ('600110000001', '600080000001', '168.169');
INSERT INTO `distance` VALUES ('600110000001', '600110000009', '117.719');
INSERT INTO `distance` VALUES ('600110000001', '600120000001', '115.435');
INSERT INTO `distance` VALUES ('600110000001', '600120000002', '115.832');
INSERT INTO `distance` VALUES ('600110000001', '600140000001', '160.012');
INSERT INTO `distance` VALUES ('600110000001', '600150000001', '65.521');
INSERT INTO `distance` VALUES ('600110000001', '600500021001', '208.378');
INSERT INTO `distance` VALUES ('600110000009', '101041649001', '288.771');
INSERT INTO `distance` VALUES ('600110000009', '330382005800', '206.621');
INSERT INTO `distance` VALUES ('600120000001', '100010000000', '386.509');
INSERT INTO `distance` VALUES ('600120000001', '100010009700', '392.487');
INSERT INTO `distance` VALUES ('600120000001', '100350000002', '83.432');
INSERT INTO `distance` VALUES ('600120000001', '100420000011', '84.070');
INSERT INTO `distance` VALUES ('600120000001', '100500000008', '96.030');
INSERT INTO `distance` VALUES ('600120000001', '100500000010', '46.333');
INSERT INTO `distance` VALUES ('600120000001', '100500000011', '86.102');
INSERT INTO `distance` VALUES ('600120000001', '100510000005', '108.484');
INSERT INTO `distance` VALUES ('600120000001', '101041649001', '225.996');
INSERT INTO `distance` VALUES ('600120000001', '101041794960', '202.783');
INSERT INTO `distance` VALUES ('600120000001', '101041995400', '205.284');
INSERT INTO `distance` VALUES ('600120000001', '103200087200', '371.699');
INSERT INTO `distance` VALUES ('600120000001', '103200361700', '197.349');
INSERT INTO `distance` VALUES ('600120000001', '103200495800', '219.278');
INSERT INTO `distance` VALUES ('600120000001', '103201421250', '303.086');
INSERT INTO `distance` VALUES ('600120000001', '103300000002', '7.573');
INSERT INTO `distance` VALUES ('600120000001', '103300000003', '30.944');
INSERT INTO `distance` VALUES ('600120000001', '103300000004', '5.040');
INSERT INTO `distance` VALUES ('600120000001', '103300000005', '20.213');
INSERT INTO `distance` VALUES ('600120000001', '103300000006', '53.022');
INSERT INTO `distance` VALUES ('600120000001', '103300000010', '57.636');
INSERT INTO `distance` VALUES ('600120000001', '103300041001', '105.192');
INSERT INTO `distance` VALUES ('600120000001', '103300169280', '58.079');
INSERT INTO `distance` VALUES ('600120000001', '200010019400', '291.392');
INSERT INTO `distance` VALUES ('600120000001', '200020097000', '399.308');
INSERT INTO `distance` VALUES ('600120000001', '200030032001', '248.936');
INSERT INTO `distance` VALUES ('600120000001', '200030053800', '230.705');
INSERT INTO `distance` VALUES ('600120000001', '200070000000', '368.538');
INSERT INTO `distance` VALUES ('600120000001', '200090031600', '317.921');
INSERT INTO `distance` VALUES ('600120000001', '200110068100', '363.338');
INSERT INTO `distance` VALUES ('600120000001', '200160090650', '374.638');
INSERT INTO `distance` VALUES ('600120000001', '200170037550', '258.488');
INSERT INTO `distance` VALUES ('600120000001', '200180030200', '408.249');
INSERT INTO `distance` VALUES ('600120000001', '200370010500', '233.898');
INSERT INTO `distance` VALUES ('600120000001', '200410111850', '149.995');
INSERT INTO `distance` VALUES ('600120000001', '200420000001', '67.912');
INSERT INTO `distance` VALUES ('600120000001', '200490000001', '5.805');
INSERT INTO `distance` VALUES ('600120000001', '200490013100', '92.283');
INSERT INTO `distance` VALUES ('600120000001', '200500037100', '112.686');
INSERT INTO `distance` VALUES ('600120000001', '200520000001', '123.341');
INSERT INTO `distance` VALUES ('600120000001', '200520097001', '163.086');
INSERT INTO `distance` VALUES ('600120000001', '200530000001', '145.452');
INSERT INTO `distance` VALUES ('600120000001', '200530168400', '156.976');
INSERT INTO `distance` VALUES ('600120000001', '200560087350', '222.239');
INSERT INTO `distance` VALUES ('600120000001', '330382005800', '158.483');
INSERT INTO `distance` VALUES ('600120000001', '330382022900', '153.344');
INSERT INTO `distance` VALUES ('600120000001', '330421000002', '371.699');
INSERT INTO `distance` VALUES ('600120000001', '330421000003', '390.781');
INSERT INTO `distance` VALUES ('600120000001', '330482000001', '386.506');
INSERT INTO `distance` VALUES ('600120000001', '330482000002', '383.276');
INSERT INTO `distance` VALUES ('600120000001', '330482000003', '383.583');
INSERT INTO `distance` VALUES ('600120000001', '330503000001', '373.722');
INSERT INTO `distance` VALUES ('600120000001', '330522000001', '393.684');
INSERT INTO `distance` VALUES ('600120000001', '330921000002', '478.391');
INSERT INTO `distance` VALUES ('600120000001', '339906000002', '369.664');
INSERT INTO `distance` VALUES ('600120000001', '600050000001', '71.125');
INSERT INTO `distance` VALUES ('600120000001', '600070000001', '43.617');
INSERT INTO `distance` VALUES ('600120000001', '600110000009', '73.752');
INSERT INTO `distance` VALUES ('600120000001', '600120000002', '1.715');
INSERT INTO `distance` VALUES ('600120000001', '600140000001', '70.845');
INSERT INTO `distance` VALUES ('600120000001', '600150000001', '177.567');
INSERT INTO `distance` VALUES ('600120000001', '600500021001', '119.212');
INSERT INTO `distance` VALUES ('600120000002', '100010000000', '386.781');
INSERT INTO `distance` VALUES ('600120000002', '100010009700', '392.759');
INSERT INTO `distance` VALUES ('600120000002', '100350000002', '83.704');
INSERT INTO `distance` VALUES ('600120000002', '100420000011', '84.341');
INSERT INTO `distance` VALUES ('600120000002', '100500000010', '46.604');
INSERT INTO `distance` VALUES ('600120000002', '100500000011', '86.374');
INSERT INTO `distance` VALUES ('600120000002', '100510000005', '108.755');
INSERT INTO `distance` VALUES ('600120000002', '101041649001', '226.268');
INSERT INTO `distance` VALUES ('600120000002', '101041794960', '203.054');
INSERT INTO `distance` VALUES ('600120000002', '101041995400', '205.555');
INSERT INTO `distance` VALUES ('600120000002', '103200087200', '371.971');
INSERT INTO `distance` VALUES ('600120000002', '103200361700', '197.620');
INSERT INTO `distance` VALUES ('600120000002', '103200495800', '219.550');
INSERT INTO `distance` VALUES ('600120000002', '103201421250', '303.358');
INSERT INTO `distance` VALUES ('600120000002', '103300000002', '5.524');
INSERT INTO `distance` VALUES ('600120000002', '103300000003', '31.659');
INSERT INTO `distance` VALUES ('600120000002', '103300000004', '5.755');
INSERT INTO `distance` VALUES ('600120000002', '103300000005', '20.485');
INSERT INTO `distance` VALUES ('600120000002', '103300000006', '53.294');
INSERT INTO `distance` VALUES ('600120000002', '103300000010', '57.907');
INSERT INTO `distance` VALUES ('600120000002', '103300041001', '105.463');
INSERT INTO `distance` VALUES ('600120000002', '103300169280', '58.351');
INSERT INTO `distance` VALUES ('600120000002', '200010019400', '291.664');
INSERT INTO `distance` VALUES ('600120000002', '200020097000', '399.580');
INSERT INTO `distance` VALUES ('600120000002', '200030032001', '249.208');
INSERT INTO `distance` VALUES ('600120000002', '200030053800', '230.976');
INSERT INTO `distance` VALUES ('600120000002', '200070000000', '368.810');
INSERT INTO `distance` VALUES ('600120000002', '200090031600', '318.192');
INSERT INTO `distance` VALUES ('600120000002', '200110068100', '363.610');
INSERT INTO `distance` VALUES ('600120000002', '200160090650', '374.909');
INSERT INTO `distance` VALUES ('600120000002', '200170037550', '258.760');
INSERT INTO `distance` VALUES ('600120000002', '200180030200', '408.520');
INSERT INTO `distance` VALUES ('600120000002', '200370010500', '234.169');
INSERT INTO `distance` VALUES ('600120000002', '200410111850', '150.267');
INSERT INTO `distance` VALUES ('600120000002', '200420000001', '68.184');
INSERT INTO `distance` VALUES ('600120000002', '200490000001', '6.519');
INSERT INTO `distance` VALUES ('600120000002', '200490013100', '92.555');
INSERT INTO `distance` VALUES ('600120000002', '200500037100', '112.958');
INSERT INTO `distance` VALUES ('600120000002', '200520000001', '123.612');
INSERT INTO `distance` VALUES ('600120000002', '200520097001', '163.357');
INSERT INTO `distance` VALUES ('600120000002', '200530000001', '145.723');
INSERT INTO `distance` VALUES ('600120000002', '200530168400', '157.247');
INSERT INTO `distance` VALUES ('600120000002', '200560087350', '222.510');
INSERT INTO `distance` VALUES ('600120000002', '330382005800', '158.755');
INSERT INTO `distance` VALUES ('600120000002', '330382022900', '153.616');
INSERT INTO `distance` VALUES ('600120000002', '330421000002', '371.971');
INSERT INTO `distance` VALUES ('600120000002', '330421000003', '391.052');
INSERT INTO `distance` VALUES ('600120000002', '330482000001', '386.777');
INSERT INTO `distance` VALUES ('600120000002', '330482000002', '383.547');
INSERT INTO `distance` VALUES ('600120000002', '330482000003', '383.854');
INSERT INTO `distance` VALUES ('600120000002', '330503000001', '373.994');
INSERT INTO `distance` VALUES ('600120000002', '330522000001', '393.956');
INSERT INTO `distance` VALUES ('600120000002', '330921000002', '478.662');
INSERT INTO `distance` VALUES ('600120000002', '339906000002', '369.935');
INSERT INTO `distance` VALUES ('600120000002', '600050000001', '71.397');
INSERT INTO `distance` VALUES ('600120000002', '600070000001', '44.332');
INSERT INTO `distance` VALUES ('600120000002', '600110000009', '74.024');
INSERT INTO `distance` VALUES ('600120000002', '600140000001', '71.117');
INSERT INTO `distance` VALUES ('600120000002', '600150000001', '177.839');
INSERT INTO `distance` VALUES ('600120000002', '600500021001', '119.483');
INSERT INTO `distance` VALUES ('600140000001', '100010009700', '451.127');
INSERT INTO `distance` VALUES ('600140000001', '100350000002', '142.072');
INSERT INTO `distance` VALUES ('600140000001', '100420000011', '142.709');
INSERT INTO `distance` VALUES ('600140000001', '100500000010', '99.121');
INSERT INTO `distance` VALUES ('600140000001', '100500000011', '131.090');
INSERT INTO `distance` VALUES ('600140000001', '101041649001', '249.915');
INSERT INTO `distance` VALUES ('600140000001', '101041995400', '140.301');
INSERT INTO `distance` VALUES ('600140000001', '103200361700', '242.337');
INSERT INTO `distance` VALUES ('600140000001', '103300000003', '100.215');
INSERT INTO `distance` VALUES ('600140000001', '103300000004', '74.310');
INSERT INTO `distance` VALUES ('600140000001', '103300000005', '52.551');
INSERT INTO `distance` VALUES ('600140000001', '103300000006', '17.823');
INSERT INTO `distance` VALUES ('600140000001', '103300000010', '116.276');
INSERT INTO `distance` VALUES ('600140000001', '200030032001', '307.576');
INSERT INTO `distance` VALUES ('600140000001', '200110068100', '421.978');
INSERT INTO `distance` VALUES ('600140000001', '200160090650', '401.189');
INSERT INTO `distance` VALUES ('600140000001', '200370010500', '260.911');
INSERT INTO `distance` VALUES ('600140000001', '200420000001', '126.552');
INSERT INTO `distance` VALUES ('600140000001', '200490000001', '75.075');
INSERT INTO `distance` VALUES ('600140000001', '200500037100', '157.674');
INSERT INTO `distance` VALUES ('600140000001', '200520000001', '168.329');
INSERT INTO `distance` VALUES ('600140000001', '330382005800', '93.501');
INSERT INTO `distance` VALUES ('600140000001', '330421000002', '430.339');
INSERT INTO `distance` VALUES ('600140000001', '330503000001', '432.362');
INSERT INTO `distance` VALUES ('600140000001', '339906000002', '428.304');
INSERT INTO `distance` VALUES ('600140000001', '600050000001', '2.026');
INSERT INTO `distance` VALUES ('600140000001', '600110000009', '118.741');
INSERT INTO `distance` VALUES ('600150000001', '100010000000', '552.606');
INSERT INTO `distance` VALUES ('600150000001', '100010009700', '560.139');
INSERT INTO `distance` VALUES ('600150000001', '100350000002', '249.529');
INSERT INTO `distance` VALUES ('600150000001', '100420000011', '250.166');
INSERT INTO `distance` VALUES ('600150000001', '100500000010', '160.392');
INSERT INTO `distance` VALUES ('600150000001', '100500000011', '192.362');
INSERT INTO `distance` VALUES ('600150000001', '101041649001', '392.093');
INSERT INTO `distance` VALUES ('600150000001', '101041794960', '354.242');
INSERT INTO `distance` VALUES ('600150000001', '101041995400', '356.743');
INSERT INTO `distance` VALUES ('600150000001', '103200087200', '537.796');
INSERT INTO `distance` VALUES ('600150000001', '103200361700', '303.608');
INSERT INTO `distance` VALUES ('600150000001', '103201421250', '470.371');
INSERT INTO `distance` VALUES ('600150000001', '103300000003', '207.671');
INSERT INTO `distance` VALUES ('600150000001', '103300000004', '181.767');
INSERT INTO `distance` VALUES ('600150000001', '103300000005', '171.672');
INSERT INTO `distance` VALUES ('600150000001', '103300000006', '204.482');
INSERT INTO `distance` VALUES ('600150000001', '103300000010', '223.732');
INSERT INTO `distance` VALUES ('600150000001', '103300041001', '256.651');
INSERT INTO `distance` VALUES ('600150000001', '103300169280', '224.176');
INSERT INTO `distance` VALUES ('600150000001', '200010019400', '457.489');
INSERT INTO `distance` VALUES ('600150000001', '200020097000', '429.795');
INSERT INTO `distance` VALUES ('600150000001', '200030032001', '415.033');
INSERT INTO `distance` VALUES ('600150000001', '200110068100', '530.623');
INSERT INTO `distance` VALUES ('600150000001', '200160090650', '462.460');
INSERT INTO `distance` VALUES ('600150000001', '200170037550', '257.821');
INSERT INTO `distance` VALUES ('600150000001', '200370010500', '399.995');
INSERT INTO `distance` VALUES ('600150000001', '200420000001', '234.009');
INSERT INTO `distance` VALUES ('600150000001', '200490000001', '182.532');
INSERT INTO `distance` VALUES ('600150000001', '200490013100', '243.743');
INSERT INTO `distance` VALUES ('600150000001', '200500037100', '218.946');
INSERT INTO `distance` VALUES ('600150000001', '200520000001', '178.623');
INSERT INTO `distance` VALUES ('600150000001', '200520097001', '218.368');
INSERT INTO `distance` VALUES ('600150000001', '200560087350', '235.252');
INSERT INTO `distance` VALUES ('600150000001', '330382005800', '309.943');
INSERT INTO `distance` VALUES ('600150000001', '330421000002', '537.796');
INSERT INTO `distance` VALUES ('600150000001', '330421000003', '556.877');
INSERT INTO `distance` VALUES ('600150000001', '330482000001', '552.602');
INSERT INTO `distance` VALUES ('600150000001', '330482000003', '549.680');
INSERT INTO `distance` VALUES ('600150000001', '330503000001', '547.490');
INSERT INTO `distance` VALUES ('600150000001', '330522000001', '561.336');
INSERT INTO `distance` VALUES ('600150000001', '339906000002', '535.760');
INSERT INTO `distance` VALUES ('600150000001', '600050000001', '222.585');
INSERT INTO `distance` VALUES ('600150000001', '600110000009', '180.012');
INSERT INTO `distance` VALUES ('600150000001', '600140000001', '222.304');
INSERT INTO `distance` VALUES ('600150000001', '600500021001', '270.671');
INSERT INTO `distance` VALUES ('600500021001', '100010000000', '493.560');
INSERT INTO `distance` VALUES ('600500021001', '100010009700', '499.538');
INSERT INTO `distance` VALUES ('600500021001', '100350000002', '190.483');
INSERT INTO `distance` VALUES ('600500021001', '100420000011', '191.120');
INSERT INTO `distance` VALUES ('600500021001', '100500000010', '147.532');
INSERT INTO `distance` VALUES ('600500021001', '100500000011', '179.501');
INSERT INTO `distance` VALUES ('600500021001', '101041649001', '291.017');
INSERT INTO `distance` VALUES ('600500021001', '101041794960', '178.901');
INSERT INTO `distance` VALUES ('600500021001', '101041995400', '95.216');
INSERT INTO `distance` VALUES ('600500021001', '103200087200', '478.750');
INSERT INTO `distance` VALUES ('600500021001', '103200361700', '290.748');
INSERT INTO `distance` VALUES ('600500021001', '103201421250', '410.137');
INSERT INTO `distance` VALUES ('600500021001', '103300000003', '148.625');
INSERT INTO `distance` VALUES ('600500021001', '103300000004', '122.721');
INSERT INTO `distance` VALUES ('600500021001', '103300000005', '100.962');
INSERT INTO `distance` VALUES ('600500021001', '103300000006', '66.234');
INSERT INTO `distance` VALUES ('600500021001', '103300000010', '164.686');
INSERT INTO `distance` VALUES ('600500021001', '103300169280', '165.130');
INSERT INTO `distance` VALUES ('600500021001', '200010019400', '398.443');
INSERT INTO `distance` VALUES ('600500021001', '200020097000', '496.954');
INSERT INTO `distance` VALUES ('600500021001', '200030032001', '355.987');
INSERT INTO `distance` VALUES ('600500021001', '200110068100', '470.389');
INSERT INTO `distance` VALUES ('600500021001', '200160090650', '449.600');
INSERT INTO `distance` VALUES ('600500021001', '200170037550', '351.887');
INSERT INTO `distance` VALUES ('600500021001', '200370010500', '302.012');
INSERT INTO `distance` VALUES ('600500021001', '200420000001', '174.963');
INSERT INTO `distance` VALUES ('600500021001', '200490000001', '123.486');
INSERT INTO `distance` VALUES ('600500021001', '200490013100', '68.402');
INSERT INTO `distance` VALUES ('600500021001', '200500037100', '206.085');
INSERT INTO `distance` VALUES ('600500021001', '200520000001', '96.547');
INSERT INTO `distance` VALUES ('600500021001', '200520097001', '136.292');
INSERT INTO `distance` VALUES ('600500021001', '200560087350', '39.532');
INSERT INTO `distance` VALUES ('600500021001', '330382005800', '134.602');
INSERT INTO `distance` VALUES ('600500021001', '330421000002', '478.750');
INSERT INTO `distance` VALUES ('600500021001', '330421000003', '497.831');
INSERT INTO `distance` VALUES ('600500021001', '330482000001', '493.557');
INSERT INTO `distance` VALUES ('600500021001', '330482000003', '490.634');
INSERT INTO `distance` VALUES ('600500021001', '330503000001', '480.773');
INSERT INTO `distance` VALUES ('600500021001', '330522000001', '500.735');
INSERT INTO `distance` VALUES ('600500021001', '339906000002', '476.715');
INSERT INTO `distance` VALUES ('600500021001', '600050000001', '49.113');
INSERT INTO `distance` VALUES ('600500021001', '600110000009', '167.151');
INSERT INTO `distance` VALUES ('600500021001', '600140000001', '48.742');

-- ----------------------------
-- Table structure for `node`
-- ----------------------------
DROP TABLE IF EXISTS `node`;
CREATE TABLE `node` (
  `num` char(15) NOT NULL,
  `lat` varchar(10) NOT NULL,
  `lng` varchar(10) NOT NULL,
  `nodename` varchar(40) NOT NULL,
  `province` varchar(20) NOT NULL,
  `city` varchar(20) NOT NULL,
  `district` varchar(20) NOT NULL,
  PRIMARY KEY (`num`)
) ENGINE=InnoDB DEFAULT CHARSET=utf8;

-- ----------------------------
-- Records of node
-- ----------------------------
INSERT INTO `node` VALUES ('100010000000', '30.7249', '121.2673', '', '', '', '');
INSERT INTO `node` VALUES ('100010009700', '31.03076', '119.83105', '', '', '', '');
INSERT INTO `node` VALUES ('100350000002', '28.7976', '120.2229', '', '', '', '');
INSERT INTO `node` VALUES ('100420000011', '28.79083', '120.21357', '', '', '', '');
INSERT INTO `node` VALUES ('100440000001', '28.50851', '119.50784', '', '', '', '');
INSERT INTO `node` VALUES ('100500000008', '28.59997', '119.33618', '', '', '', '');
INSERT INTO `node` VALUES ('100500000010', '28.37127', '119.59393', '', '', '', '');
INSERT INTO `node` VALUES ('100500000011', '28.5321', '119.4024', '', '', '', '');
INSERT INTO `node` VALUES ('100510000005', '28.57873', '119.23052', '', '', '', '');
INSERT INTO `node` VALUES ('101041488001', '30.139', '120.406', '', '', '', '');
INSERT INTO `node` VALUES ('101041649001', '29.2918', '120.92915', '', '', '', '');
INSERT INTO `node` VALUES ('101041794960', '28.40355', '121.20767', '', '', '', '');
INSERT INTO `node` VALUES ('101041995400', '27.43764', '120.25682', '', '', '', '');
INSERT INTO `node` VALUES ('103200087200', '30.8872', '120.9902', '', '', '', '');
INSERT INTO `node` VALUES ('103200361700', '29.3715', '119.2202', '', '', '', '');
INSERT INTO `node` VALUES ('103200495800', '28.89916', '118.54113', '', '', '', '');
INSERT INTO `node` VALUES ('103201421250', '30.3822', '119.9993', '', '', '', '');
INSERT INTO `node` VALUES ('103300000002', '28.43186', '119.94578', '', '', '', '');
INSERT INTO `node` VALUES ('103300000003', '28.6184', '120.05725', '', '', '', '');
INSERT INTO `node` VALUES ('103300000004', '28.47902', '119.95013', '', '', '', '');
INSERT INTO `node` VALUES ('103300000005', '28.3622', '119.94853', '', '', '', '');
INSERT INTO `node` VALUES ('103300000006', '28.26211', '120.20925', '', '', '', '');
INSERT INTO `node` VALUES ('103300000007', '28.17657', '120.23791', '', '', '', '');
INSERT INTO `node` VALUES ('103300000010', '28.6824', '120.05728', '', '', '', '');
INSERT INTO `node` VALUES ('103300041001', '28.13208', '120.36413', '', '', '', '');
INSERT INTO `node` VALUES ('103300169280', '28.75585', '120.09027', '', '', '', '');
INSERT INTO `node` VALUES ('200010019400', '30.39965', '120.34692', '', '', '', '');
INSERT INTO `node` VALUES ('200020097000', '30.05745', '118.92352', '', '', '', '');
INSERT INTO `node` VALUES ('200030032001', '30.0261', '120.2144', '', '', '', '');
INSERT INTO `node` VALUES ('200030053800', '29.8897', '120.15156', '', '', '', '');
INSERT INTO `node` VALUES ('200070000000', '30.884', '120.699', '', '', '', '');
INSERT INTO `node` VALUES ('200090031600', '30.5313', '120.129', '', '', '', '');
INSERT INTO `node` VALUES ('200110068100', '30.59722', '119.57196', '', '', '', '');
INSERT INTO `node` VALUES ('200160090650', '30.356', '119.28881', '', '', '', '');
INSERT INTO `node` VALUES ('200170037550', '29.03369', '118.21044', '', '', '', '');
INSERT INTO `node` VALUES ('200180030200', '30.28955', '118.94441', '', '', '', '');
INSERT INTO `node` VALUES ('200370010500', '29.52709', '120.7218', '', '', '', '');
INSERT INTO `node` VALUES ('200410111850', '28.25412', '120.73301', '', '', '', '');
INSERT INTO `node` VALUES ('200420000001', '28.755', '120.16931', '', '', '', '');
INSERT INTO `node` VALUES ('200420000005', '28.66371', '120.09338', '', '', '', '');
INSERT INTO `node` VALUES ('200490000001', '28.47956', '119.96157', '', '', '', '');
INSERT INTO `node` VALUES ('200490000002', '28.13599', '120.35714', '', '', '', '');
INSERT INTO `node` VALUES ('200490013100', '28.16263', '120.48068', '', '', '', '');
INSERT INTO `node` VALUES ('200500037100', '28.67285', '119.27197', '', '', '', '');
INSERT INTO `node` VALUES ('200520000001', '27.79583', '119.71014', '', '', '', '');
INSERT INTO `node` VALUES ('200520097001', '27.52325', '119.71319', '', '', '', '');
INSERT INTO `node` VALUES ('200530000001', '27.97973', '118.93164', '', '', '', '');
INSERT INTO `node` VALUES ('200530168400', '27.93819', '118.85168', '', '', '', '');
INSERT INTO `node` VALUES ('200540000000', '27.61486', '119.00134', '', '', '', '');
INSERT INTO `node` VALUES ('200550000000', '27.62268', '119.09497', '', '', '', '');
INSERT INTO `node` VALUES ('200560087350', '27.83356', '120.00813', '', '', '', '');
INSERT INTO `node` VALUES ('330382005800', '28.13342', '120.99963', '104', '', '', '');
INSERT INTO `node` VALUES ('330382022900', '28.09686', '120.96096', '', '', '', '');
INSERT INTO `node` VALUES ('330421000002', '30.8872', '120.9902', '', '', '', '');
INSERT INTO `node` VALUES ('330421000003', '31.0067', '120.9536', '', '', '', '');
INSERT INTO `node` VALUES ('330482000001', '30.7251', '121.2679', '', '', '', '');
INSERT INTO `node` VALUES ('330482000002', '30.7739', '121.1875', '', '', '', '');
INSERT INTO `node` VALUES ('330482000003', '30.7749', '121.1885', '', '', '', '');
INSERT INTO `node` VALUES ('330503000001', '30.8852', '120.4172', '', '', '', '');
INSERT INTO `node` VALUES ('330522000001', '31.102', '119.937', '', '', '', '');
INSERT INTO `node` VALUES ('330921000001', '30.27457', '122.21992', '', '', '', '');
INSERT INTO `node` VALUES ('330921000002', '30.45378', '122.3002', '', '', '', '');
INSERT INTO `node` VALUES ('339906000001', '30.941', '120.979', '', '', '', '');
INSERT INTO `node` VALUES ('339906000002', '30.8743', '121.0111', '', '', '', '');
INSERT INTO `node` VALUES ('600040000001', '28.44726', '119.94525', '', '', '', '');
INSERT INTO `node` VALUES ('600040000002', '28.43637', '119.92832', '', '', '', '');
INSERT INTO `node` VALUES ('600050000001', '28.14057', '120.28288', '', '', '', '');
INSERT INTO `node` VALUES ('600060000001', '28.44091', '119.92797', '', '', '', '');
INSERT INTO `node` VALUES ('600070000001', '28.65148', '120.15344', '', '', '', '');
INSERT INTO `node` VALUES ('600080000001', '28.66223', '120.10351', '', '', '', '');
INSERT INTO `node` VALUES ('600090000001', '28.06787', '119.11285', '', '', '', '');
INSERT INTO `node` VALUES ('600110000000', '28.43414', '119.51116', '', '', '', '');
INSERT INTO `node` VALUES ('600110000001', '28.06671', '119.13916', '', '', '', '');
INSERT INTO `node` VALUES ('600110000009', '28.44237', '119.47538', '', '', '', '');
INSERT INTO `node` VALUES ('600120000001', '28.46023', '119.91476', '', '', '', '');
INSERT INTO `node` VALUES ('600120000002', '28.44939', '119.91572', '', '', '', '');
INSERT INTO `node` VALUES ('600140000001', '28.13793', '120.27938', '49', '', '', '');
INSERT INTO `node` VALUES ('600150000001', '27.64962', '118.90623', '', '', '', '');
INSERT INTO `node` VALUES ('600500021001', '27.88397', '120.16835', '', '', '', '');

-- ----------------------------
-- Table structure for `role`
-- ----------------------------
DROP TABLE IF EXISTS `role`;
CREATE TABLE `role` (
  `id` int(10) NOT NULL AUTO_INCREMENT,
  `text` varchar(60) NOT NULL,
  `status` int(1) NOT NULL DEFAULT '1',
  PRIMARY KEY (`id`),
  UNIQUE KEY `text` (`text`)
) ENGINE=InnoDB AUTO_INCREMENT=3 DEFAULT CHARSET=utf8;

-- ----------------------------
-- Records of role
-- ----------------------------
INSERT INTO `role` VALUES ('1', '', '1');
INSERT INTO `role` VALUES ('2', '', '1');

-- ----------------------------
-- Table structure for `suspect_record`
-- ----------------------------
DROP TABLE IF EXISTS `suspect_record`;
CREATE TABLE `suspect_record` (
  `id` bigint(10) unsigned zerofill NOT NULL AUTO_INCREMENT,
  `hphm` varchar(10) NOT NULL,
  `ddbh_1` varchar(15) NOT NULL,
  `gcsj_1` varchar(20) NOT NULL,
  `ddbh_2` varchar(15) NOT NULL,
  `gcsj_2` varchar(20) NOT NULL,
  `distance` double NOT NULL,
  `time` varchar(15) NOT NULL,
  `speed` double NOT NULL,
  PRIMARY KEY (`id`)
) ENGINE=InnoDB AUTO_INCREMENT=79 DEFAULT CHARSET=utf8;

-- ----------------------------
-- Records of suspect_record
-- ----------------------------
INSERT INTO `suspect_record` VALUES ('0000000001', 'W11111', '600110000001', '2010-01-02 15:42:36', '600060000001', '2010-01-02 15:57:03', '110.155', '01427', '457.39100346020757');
INSERT INTO `suspect_record` VALUES ('0000000002', 'C01685', '600060000001', '2010-01-02 10:40:30', '600110000001', '2010-01-02 10:41:53', '110.155', '0123', '4777.807228915663');
INSERT INTO `suspect_record` VALUES ('0000000003', 'C05241', '600120000001', '2010-01-02 10:05:13', '600060000001', '2010-01-02 10:05:38', '3.57', '0025', '514.08');
INSERT INTO `suspect_record` VALUES ('0000000004', 'C10043', '600060000001', '2010-01-02 12:11:20', '600110000001', '2010-01-02 12:27:46', '110.155', '01626', '402.1886409736308');
INSERT INTO `suspect_record` VALUES ('0000000005', 'C10179', '600110000001', '2010-01-02 15:05:33', '600060000001', '2010-01-02 15:08:31', '110.155', '0258', '2227.85393258427');
INSERT INTO `suspect_record` VALUES ('0000000006', 'C11518', '600110000001', '2010-01-02 20:02:42', '600060000001', '2010-01-02 20:11:16', '110.155', '0834', '771.5136186770428');
INSERT INTO `suspect_record` VALUES ('0000000007', 'C12221', '600110000001', '2010-01-02 18:11:22', '600120000001', '2010-01-02 18:19:08', '115.435', '0746', '891.7725321888412');
INSERT INTO `suspect_record` VALUES ('0000000008', 'C12221', '600120000001', '2010-01-02 18:19:08', '600110000001', '2010-01-02 18:26:10', '115.435', '072', '984.7535545023696');
INSERT INTO `suspect_record` VALUES ('0000000009', 'C15021', '600110000001', '2010-01-02 07:46:51', '600060000001', '2010-01-02 07:52:27', '110.155', '0536', '1180.232142857143');
INSERT INTO `suspect_record` VALUES ('0000000010', 'C20380', '600120000001', '2010-01-02 02:14:01', '600110000001', '2010-01-02 02:14:14', '115.435', '0013', '31966.615384615387');
INSERT INTO `suspect_record` VALUES ('0000000011', 'C29920', '600110000001', '2010-01-02 08:56:34', '600060000001', '2010-01-02 09:01:31', '110.155', '0457', '1335.2121212121212');
INSERT INTO `suspect_record` VALUES ('0000000012', 'C38870', '600090000001', '2010-01-02 17:04:28', '600060000001', '2010-01-02 17:07:20', '112.846', '0252', '2361.893023255814');
INSERT INTO `suspect_record` VALUES ('0000000013', 'C51396', '600110000001', '2010-01-02 09:22:27', '600060000001', '2010-01-02 09:22:33', '110.155', '006', '66093');
INSERT INTO `suspect_record` VALUES ('0000000014', 'C56588', '600110000001', '2010-01-02 17:04:08', '600120000001', '2010-01-02 17:15:09', '115.435', '0111', '628.6928895612708');
INSERT INTO `suspect_record` VALUES ('0000000015', 'C59911', '600120000001', '2010-01-02 12:14:46', '600110000001', '2010-01-02 12:14:49', '115.435', '003', '138522');
INSERT INTO `suspect_record` VALUES ('0000000016', 'C7W316', '600060000001', '2010-01-02 12:16:42', '600110000001', '2010-01-02 12:29:40', '110.155', '01258', '509.7146529562982');
INSERT INTO `suspect_record` VALUES ('0000000017', 'C89550', '600110000001', '2010-01-02 13:20:56', '600060000001', '2010-01-02 13:25:19', '110.155', '0423', '1507.8250950570343');
INSERT INTO `suspect_record` VALUES ('0000000018', 'G07682', '600110000001', '2010-01-02 15:32:20', '103300000007', '2010-01-02 15:54:15', '152.991', '02155', '418.83467680608373');
INSERT INTO `suspect_record` VALUES ('0000000019', 'G08138', '600080000001', '2010-01-02 19:29:51', '600040000001', '2010-01-02 19:33:16', '37.79', '0325', '663.6292682926829');
INSERT INTO `suspect_record` VALUES ('0000000020', 'G08278', '600060000001', '2010-01-02 14:34:42', '600090000001', '2010-01-02 14:49:23', '112.846', '01441', '461.11872871736665');
INSERT INTO `suspect_record` VALUES ('0000000021', 'G0D880', '600040000001', '2010-01-02 12:28:53', '600090000001', '2010-01-02 12:38:48', '116.493', '0955', '704.8315966386555');
INSERT INTO `suspect_record` VALUES ('0000000022', 'G15057', '600090000001', '2010-01-02 08:24:54', '600040000001', '2010-01-02 08:39:44', '116.493', '01450', '471.20764044943814');
INSERT INTO `suspect_record` VALUES ('0000000023', 'G15288', '600090000001', '2010-01-02 18:06:19', '600060000001', '2010-01-02 18:24:51', '112.846', '01832', '365.3287769784173');
INSERT INTO `suspect_record` VALUES ('0000000024', 'G15521', '600110000001', '2010-01-02 19:08:21', '103300000007', '2010-01-02 19:30:31', '152.991', '02210', '414.11097744360904');
INSERT INTO `suspect_record` VALUES ('0000000025', 'G15969', '600040000001', '2010-01-02 09:21:32', '600110000001', '2010-01-02 09:27:57', '111.277', '0625', '1040.5122077922078');
INSERT INTO `suspect_record` VALUES ('0000000026', 'G15969', '600040000001', '2010-01-02 13:02:45', '600110000001', '2010-01-02 13:06:58', '111.277', '0413', '1583.3881422924903');
INSERT INTO `suspect_record` VALUES ('0000000027', 'G15969', '600110000001', '2010-01-02 13:06:58', '600060000001', '2010-01-02 13:19:56', '110.155', '01258', '509.7146529562982');
INSERT INTO `suspect_record` VALUES ('0000000028', 'G15969', '600080000001', '2010-01-02 14:12:32', '600110000001', '2010-01-02 14:27:03', '168.169', '01431', '695.0727898966705');
INSERT INTO `suspect_record` VALUES ('0000000029', 'G16008', '600040000001', '2010-01-02 11:55:27', '600090000001', '2010-01-02 11:59:10', '116.493', '0343', '1880.6044843049326');
INSERT INTO `suspect_record` VALUES ('0000000030', 'G16330', '600080000001', '2010-01-02 11:01:00', '600090000001', '2010-01-02 11:20:11', '170.859', '01911', '534.3982623805387');
INSERT INTO `suspect_record` VALUES ('0000000031', 'G16386', '600060000001', '2010-01-02 14:45:30', '600090000001', '2010-01-02 15:00:08', '112.846', '01438', '462.69430523918');
INSERT INTO `suspect_record` VALUES ('0000000032', 'G17670', '600120000001', '2010-01-02 14:41:29', '600090000001', '2010-01-02 14:44:37', '118.125', '038', '2261.9680851063827');
INSERT INTO `suspect_record` VALUES ('0000000033', 'G17958', '600110000001', '2010-01-02 15:32:27', '103300000007', '2010-01-02 15:53:25', '152.991', '02058', '437.81208267090625');
INSERT INTO `suspect_record` VALUES ('0000000034', 'G20384', '600110000001', '2010-01-02 12:57:03', '600040000001', '2010-01-02 12:59:01', '111.277', '0158', '3394.8915254237286');
INSERT INTO `suspect_record` VALUES ('0000000035', 'G20384', '600040000001', '2010-01-02 12:59:01', '600110000001', '2010-01-02 13:17:26', '111.277', '01825', '362.5314027149321');
INSERT INTO `suspect_record` VALUES ('0000000036', 'G20384', '600040000001', '2010-01-02 17:20:43', '600110000001', '2010-01-02 17:32:04', '111.277', '01121', '588.2484581497797');
INSERT INTO `suspect_record` VALUES ('0000000037', 'G21129', '600060000001', '2010-01-02 16:45:31', '103300000007', '2010-01-02 16:53:16', '58.914', '0745', '456.10838709677415');
INSERT INTO `suspect_record` VALUES ('0000000038', 'G29659', '600110000001', '2010-01-02 13:02:37', '103300000007', '2010-01-02 13:27:56', '152.991', '02519', '362.5856484529296');
INSERT INTO `suspect_record` VALUES ('0000000039', 'G2D972', '103300000007', '2010-01-02 13:18:19', '600040000001', '2010-01-02 13:26:03', '57.782', '0744', '448.30862068965513');
INSERT INTO `suspect_record` VALUES ('0000000040', 'G30980', '600090000001', '2010-01-02 17:37:23', '600040000001', '2010-01-02 17:53:38', '116.493', '01615', '430.128');
INSERT INTO `suspect_record` VALUES ('0000000041', 'G38638', '600040000001', '2010-01-02 10:05:23', '600090000001', '2010-01-02 10:24:40', '116.493', '01917', '362.46741573033705');
INSERT INTO `suspect_record` VALUES ('0000000042', 'G50936', '600060000001', '2010-01-02 09:49:51', '600090000001', '2010-01-02 09:58:38', '112.846', '0847', '770.8645161290323');
INSERT INTO `suspect_record` VALUES ('0000000043', 'G56150', '600040000001', '2010-01-02 12:25:32', '600110000001', '2010-01-02 12:39:58', '111.277', '01426', '462.58337182448037');
INSERT INTO `suspect_record` VALUES ('0000000044', 'G56608', '600080000001', '2010-01-02 11:04:04', '600090000001', '2010-01-02 11:18:30', '170.859', '01426', '710.2683602771364');
INSERT INTO `suspect_record` VALUES ('0000000045', 'G56636', '600060000001', '2010-01-02 17:03:44', '600090000001', '2010-01-02 17:14:55', '112.846', '01111', '605.4330849478391');
INSERT INTO `suspect_record` VALUES ('0000000046', 'G5C982', '600110000001', '2010-01-02 07:34:41', '103300000007', '2010-01-02 08:00:28', '152.991', '02547', '356.02301228183586');
INSERT INTO `suspect_record` VALUES ('0000000047', 'G61256', '600080000001', '2010-01-02 09:58:14', '600090000001', '2010-01-02 10:24:58', '170.859', '02644', '383.47406483790525');
INSERT INTO `suspect_record` VALUES ('0000000048', 'G62101', '600110000001', '2010-01-02 09:42:20', '600060000001', '2010-01-02 10:00:01', '110.155', '01741', '373.75871819038645');
INSERT INTO `suspect_record` VALUES ('0000000049', 'G65610', '600080000001', '2010-01-02 13:01:20', '103300000007', '2010-01-02 13:05:17', '116.484', '0357', '1769.3772151898736');
INSERT INTO `suspect_record` VALUES ('0000000050', 'G66930', '600090000001', '2010-01-02 17:11:44', '600040000001', '2010-01-02 17:12:42', '116.493', '0058', '7230.599999999999');
INSERT INTO `suspect_record` VALUES ('0000000051', 'G67177', '600090000001', '2010-01-02 11:00:53', '600040000001', '2010-01-02 11:14:58', '116.493', '0145', '496.3015384615384');
INSERT INTO `suspect_record` VALUES ('0000000052', 'G69288', '600090000001', '2010-01-02 18:16:52', '600120000001', '2010-01-02 18:29:04', '118.125', '01212', '580.9426229508197');
INSERT INTO `suspect_record` VALUES ('0000000053', 'G6D611', '600110000001', '2010-01-02 13:13:54', '103300000007', '2010-01-02 13:29:47', '152.991', '01553', '577.9303252885625');
INSERT INTO `suspect_record` VALUES ('0000000054', 'G77200', '600040000001', '2010-01-02 09:28:58', '600090000001', '2010-01-02 09:42:31', '116.493', '01333', '515.8361623616236');
INSERT INTO `suspect_record` VALUES ('0000000055', 'G79860', '600090000001', '2010-01-02 16:25:04', '600120000001', '2010-01-02 16:42:03', '118.125', '01659', '417.3209028459274');
INSERT INTO `suspect_record` VALUES ('0000000056', 'G81270', '600090000001', '2010-01-02 10:13:00', '600080000001', '2010-01-02 10:32:42', '170.859', '01942', '520.3827411167513');
INSERT INTO `suspect_record` VALUES ('0000000057', 'G83678', '600060000001', '2010-01-02 10:22:29', '600080000001', '2010-01-02 10:27:52', '38.865', '0523', '433.17027863777093');
INSERT INTO `suspect_record` VALUES ('0000000058', 'G91077', '600080000001', '2010-01-02 12:20:20', '600110000001', '2010-01-02 12:36:34', '168.169', '01614', '621.5691991786448');
INSERT INTO `suspect_record` VALUES ('0000000059', 'G91115', '600060000001', '2010-01-02 17:27:25', '600110000001', '2010-01-02 17:31:29', '110.155', '044', '1625.2377049180327');
INSERT INTO `suspect_record` VALUES ('0000000060', 'G91682', '600110000001', '2010-01-02 10:11:09', '600060000001', '2010-01-02 10:27:30', '110.155', '01621', '404.23853211009174');
INSERT INTO `suspect_record` VALUES ('0000000061', 'G91682', '600060000001', '2010-01-02 16:06:53', '600110000001', '2010-01-02 16:15:00', '110.155', '087', '814.2874743326489');
INSERT INTO `suspect_record` VALUES ('0000000062', 'G93380', '600080000001', '2010-01-02 14:59:22', '600060000001', '2010-01-02 15:03:23', '38.865', '041', '580.5560165975104');
INSERT INTO `suspect_record` VALUES ('0000000063', 'G96538', '600090000001', '2010-01-02 16:21:40', '103300000007', '2010-01-02 16:43:24', '155.682', '02144', '429.7969325153374');
INSERT INTO `suspect_record` VALUES ('0000000064', 'G96673', '600040000001', '2010-01-02 08:49:41', '600090000001', '2010-01-02 09:00:52', '116.493', '01111', '624.9997019374068');
INSERT INTO `suspect_record` VALUES ('0000000065', 'G98500', '600040000001', '2010-01-02 09:45:52', '600110000001', '2010-01-02 09:55:34', '111.277', '0942', '688.3113402061856');
INSERT INTO `suspect_record` VALUES ('0000000066', 'G9C875', '600110000001', '2010-01-02 13:33:17', '103300000007', '2010-01-02 13:53:13', '152.991', '01956', '460.50802675585294');
INSERT INTO `suspect_record` VALUES ('0000000067', 'GB6003', '600060000001', '2010-01-02 10:31:55', '103300000007', '2010-01-02 10:38:14', '58.914', '0619', '559.6052770448549');
INSERT INTO `suspect_record` VALUES ('0000000068', 'GBS012', '600110000001', '2010-01-02 13:40:56', '103300000007', '2010-01-02 14:02:54', '152.991', '02158', '417.88133535660097');
INSERT INTO `suspect_record` VALUES ('0000000069', 'GC8728', '103300000007', '2010-01-02 10:12:53', '600090000001', '2010-01-02 10:26:49', '155.682', '01356', '670.400956937799');
INSERT INTO `suspect_record` VALUES ('0000000070', 'GCL085', '600080000001', '2010-01-02 14:52:49', '600060000001', '2010-01-02 14:59:17', '38.865', '0628', '360.6030927835052');
INSERT INTO `suspect_record` VALUES ('0000000071', 'GE3077', '103300000007', '2010-01-02 19:00:59', '600060000001', '2010-01-02 19:02:45', '58.914', '0146', '2000.8528301886795');
INSERT INTO `suspect_record` VALUES ('0000000072', 'GJ5610', '600040000001', '2010-01-02 15:55:55', '600080000001', '2010-01-02 15:56:51', '37.79', '0056', '2429.3571428571427');
INSERT INTO `suspect_record` VALUES ('0000000073', 'GJ5610', '600090000001', '2010-01-02 18:28:35', '600080000001', '2010-01-02 18:51:14', '170.859', '02239', '452.6066225165563');
INSERT INTO `suspect_record` VALUES ('0000000074', 'GJT050', '600040000001', '2010-01-02 14:03:26', '600090000001', '2010-01-02 14:12:39', '116.493', '0913', '758.3631103074141');
INSERT INTO `suspect_record` VALUES ('0000000075', 'GN2383', '103300000007', '2010-01-02 17:56:53', '600080000001', '2010-01-02 18:00:18', '116.484', '0325', '2045.5726829268292');
INSERT INTO `suspect_record` VALUES ('0000000076', 'GQC266', '600090000001', '2010-01-02 21:29:04', '600040000001', '2010-01-02 21:46:45', '116.493', '01741', '395.26371347785107');
INSERT INTO `suspect_record` VALUES ('0000000077', 'L25249', '600080000001', '2010-01-02 17:34:03', '600040000001', '2010-01-02 17:36:28', '37.79', '0225', '938.2344827586206');
INSERT INTO `suspect_record` VALUES ('0000000078', 'T11111', '600060000001', '2010-01-02 16:02:34', '600110000001', '2010-01-02 16:20:32', '110.155', '01758', '367.86456400742117');

-- ----------------------------
-- Table structure for `testuser`
-- ----------------------------
DROP TABLE IF EXISTS `testuser`;
CREATE TABLE `testuser` (
  `USER_ID` int(8) NOT NULL AUTO_INCREMENT,
  `USER_CODE` varchar(20) NOT NULL,
  `USER_PWD` varchar(20) NOT NULL,
  `USER_NAME` varchar(20) NOT NULL,
  `REMARK` varchar(200) DEFAULT NULL,
  PRIMARY KEY (`USER_ID`)
) ENGINE=InnoDB AUTO_INCREMENT=2 DEFAULT CHARSET=utf8;

-- ----------------------------
-- Records of testuser
-- ----------------------------
INSERT INTO `testuser` VALUES ('1', '123', '1', 'fang', null);

-- ----------------------------
-- Table structure for `tmenu`
-- ----------------------------
DROP TABLE IF EXISTS `tmenu`;
CREATE TABLE `tmenu` (
  `ID` varchar(36) NOT NULL,
  `ICONCLS` varchar(50) DEFAULT NULL,
  `TEXT` varchar(100) DEFAULT NULL,
  `URL` varchar(200) DEFAULT NULL,
  `PID` varchar(36) DEFAULT NULL,
  PRIMARY KEY (`ID`),
  UNIQUE KEY `ID` (`ID`),
  KEY `FK4C3C3B370B9FEB1` (`PID`),
  CONSTRAINT `FK4C3C3B370B9FEB1` FOREIGN KEY (`PID`) REFERENCES `tmenu` (`ID`)
) ENGINE=InnoDB DEFAULT CHARSET=utf8;

-- ----------------------------
-- Records of tmenu
-- ----------------------------
INSERT INTO `tmenu` VALUES ('0', null, '', '', null);
INSERT INTO `tmenu` VALUES ('buggl', null, 'BUG', null, 'xtgl');
INSERT INTO `tmenu` VALUES ('cdgl', null, '', null, 'xtgl');
INSERT INTO `tmenu` VALUES ('jsgl', null, '', null, 'xtgl');
INSERT INTO `tmenu` VALUES ('qxgl', null, '', null, 'xtgl');
INSERT INTO `tmenu` VALUES ('xtgl', null, '', '', '0');
INSERT INTO `tmenu` VALUES ('yhgl', null, '', '/admin/yhgl.jsp', 'xtgl');

-- ----------------------------
-- Table structure for `tuser`
-- ----------------------------
DROP TABLE IF EXISTS `tuser`;
CREATE TABLE `tuser` (
  `ID` varchar(36) NOT NULL,
  `CREATEDATETIME` datetime DEFAULT NULL,
  `MODIFYDATETIME` datetime DEFAULT NULL,
  `NAME` varchar(100) NOT NULL,
  `PWD` varchar(32) NOT NULL,
  PRIMARY KEY (`ID`),
  UNIQUE KEY `ID` (`ID`),
  UNIQUE KEY `NAME` (`NAME`),
  UNIQUE KEY `NAME_2` (`NAME`)
) ENGINE=InnoDB DEFAULT CHARSET=utf8;

-- ----------------------------
-- Records of tuser
-- ----------------------------
INSERT INTO `tuser` VALUES ('0', null, '2014-04-13 22:12:54', 'admin', '21232f297a57a5a743894a0e4a801fc3');
INSERT INTO `tuser` VALUES ('55c59851-be60-44fc-8321-0846580570ec', '2014-04-12 20:51:10', null, 'afds', 'c20ad4d76fe97759aa27a0c99bff6710');

-- ----------------------------
-- Table structure for `user`
-- ----------------------------
DROP TABLE IF EXISTS `user`;
CREATE TABLE `user` (
  `id` int(10) NOT NULL AUTO_INCREMENT,
  `name` varchar(20) NOT NULL,
  `age` int(3) DEFAULT NULL,
  `pwd` varchar(60) NOT NULL,
  `email` varchar(20) DEFAULT NULL,
  `status` int(1) NOT NULL DEFAULT '1',
  PRIMARY KEY (`id`),
  UNIQUE KEY `name` (`name`)
) ENGINE=InnoDB AUTO_INCREMENT=22 DEFAULT CHARSET=utf8;

-- ----------------------------
-- Records of user
-- ----------------------------
INSERT INTO `user` VALUES ('1', 'newlife', '23', 'e10adc3949ba59abbe56e057f20f883e', 'leichunxin@qq.com', '1');
INSERT INTO `user` VALUES ('2', 'admin', '24', '21232f297a57a5a743894a0e4a801fc3', 'admin@qq.com', '1');
INSERT INTO `user` VALUES ('3', 'gjhgkgf', '23', 'e10adc3949ba59abbe56e057f20f883e', '', '1');
INSERT INTO `user` VALUES ('4', 'fhjfkhkfh', null, 'e10adc3949ba59abbe56e057f20f883e', '', '1');
INSERT INTO `user` VALUES ('6', 'newlifehjggkj', '123', 'e10adc3949ba59abbe56e057f20f883e', 'kflakjhk.', '1');
INSERT INTO `user` VALUES ('7', '356', '23', 'e10adc3949ba59abbe56e057f20f883e', '', '1');
INSERT INTO `user` VALUES ('8', 'hk', '23', 'e10adc3949ba59abbe56e057f20f883e', 'leichunxin@qq.com', '1');
INSERT INTO `user` VALUES ('9', 'gjgjglj', '12124231', '', 'fdjsflkas', '1');
INSERT INTO `user` VALUES ('10', '6086', '678', 'e10adc3949ba59abbe56e057f20f883e', '', '1');
INSERT INTO `user` VALUES ('11', 'hjkljhjlh', '24', 'e10adc3949ba59abbe56e057f20f883e', '', '1');
INSERT INTO `user` VALUES ('12', '98p9ou', '24', 'e10adc3949ba59abbe56e057f20f883e', '', '1');
INSERT INTO `user` VALUES ('13', 'tut5i765', '23', 'e10adc3949ba59abbe56e057f20f883e', '', '1');
INSERT INTO `user` VALUES ('14', 'newlife_life', '20', 'e10adc3949ba59abbe56e057f20f883e', 'ldafhjh@q', '1');
INSERT INTO `user` VALUES ('18', 'wocao', '21', 'e10adc3949ba59abbe56e057f20f883e', 'ldafhjh@q', '1');
INSERT INTO `user` VALUES ('19', '12321', '654', 'd73289323bd983f2f38ff7e38af338e6', '', '1');
INSERT INTO `user` VALUES ('20', 'ad', '23', '81dc9bdb52d04dc20036dbd8313ed055', 'r\'wf\'re\'a', '0');
INSERT INTO `user` VALUES ('21', 'worini', '123', 'e10adc3949ba59abbe56e057f20f883e', '', '0');

-- ----------------------------
-- Table structure for `user_role`
-- ----------------------------
DROP TABLE IF EXISTS `user_role`;
CREATE TABLE `user_role` (
  `id` int(10) NOT NULL AUTO_INCREMENT,
  `user_id` int(10) NOT NULL,
  `role_id` int(10) NOT NULL,
  `status` int(1) NOT NULL DEFAULT '1',
  PRIMARY KEY (`id`),
  KEY `user_id` (`user_id`),
  KEY `role_id` (`role_id`),
  CONSTRAINT `user_role_ibfk_1` FOREIGN KEY (`user_id`) REFERENCES `user` (`id`) ON DELETE CASCADE ON UPDATE CASCADE,
  CONSTRAINT `user_role_ibfk_2` FOREIGN KEY (`role_id`) REFERENCES `role` (`id`) ON DELETE CASCADE ON UPDATE CASCADE
) ENGINE=InnoDB AUTO_INCREMENT=24 DEFAULT CHARSET=utf8;

-- ----------------------------
-- Records of user_role
-- ----------------------------
INSERT INTO `user_role` VALUES ('1', '1', '2', '1');
INSERT INTO `user_role` VALUES ('2', '2', '1', '1');
INSERT INTO `user_role` VALUES ('3', '3', '2', '1');
INSERT INTO `user_role` VALUES ('4', '4', '2', '1');
INSERT INTO `user_role` VALUES ('8', '6', '2', '1');
INSERT INTO `user_role` VALUES ('9', '7', '2', '1');
INSERT INTO `user_role` VALUES ('10', '8', '2', '1');
INSERT INTO `user_role` VALUES ('11', '9', '2', '1');
INSERT INTO `user_role` VALUES ('14', '10', '2', '1');
INSERT INTO `user_role` VALUES ('15', '11', '2', '1');
INSERT INTO `user_role` VALUES ('16', '12', '2', '1');
INSERT INTO `user_role` VALUES ('17', '13', '2', '1');
INSERT INTO `user_role` VALUES ('19', '14', '1', '1');
INSERT INTO `user_role` VALUES ('20', '18', '2', '1');
INSERT INTO `user_role` VALUES ('21', '19', '2', '1');
INSERT INTO `user_role` VALUES ('22', '20', '2', '1');
INSERT INTO `user_role` VALUES ('23', '21', '2', '1');

-- ----------------------------
-- Procedure structure for `checkAdminLogin`
-- ----------------------------
DROP PROCEDURE IF EXISTS `checkAdminLogin`;
DELIMITER ;;
CREATE DEFINER=`remoteUser`@`%` PROCEDURE `checkAdminLogin`(adminCode VARCHAR(20),adminPwd VARCHAR(20))
BEGIN
select ADMIN_ID,ADMIN_CODE,ADMIN_PWD,ADMIN_NAME from admin where ADMIN_CODE=adminCode and ADMIN_PWD=adminPwd;
END
;;
DELIMITER ;

-- ----------------------------
-- Procedure structure for `checkUserLogin`
-- ----------------------------
DROP PROCEDURE IF EXISTS `checkUserLogin`;
DELIMITER ;;
CREATE DEFINER=`remoteUser`@`%` PROCEDURE `checkUserLogin`(IN  userCode varchar(20),IN userPwd varchar(20))
BEGIN
SELECT USER_ID,USER_CODE,USER_PWD,USER_NAME from user where USER_CODE=userCode and USER_PWD=userPwd;
END
;;
DELIMITER ;

-- ----------------------------
-- Procedure structure for `QueryOutlier`
-- ----------------------------
DROP PROCEDURE IF EXISTS `QueryOutlier`;
DELIMITER ;;
CREATE DEFINER=`remoteUser`@`%` PROCEDURE `QueryOutlier`(in city VARCHAR(20),in district VARCHAR(20),in BeginTime VARCHAR(20),in EndTime VARCHAR(20),in speed VARCHAR(20))
BEGIN
DECLARE s VARCHAR(1000);
DECLARE w VARCHAR(1000);
SET s="select DISTINCT hphm,(select nodename from node where num=ddbh_1) as ddbh_1,gcsj_1,(select nodename from node where num=ddbh_2) as ddbh_2,gcsj_2,distance,time,speed from suspect_record";
SET w=" where 1=1";

IF city is not null and city <> "" then 
  IF district is not null and district <> "" then 
  SET s=CONCAT(s,",(select num from node where city='",city,"' and district='",district,"') nums ");
  SET w=CONCAT(w," and (ddbh_1=nums.num or ddbh_2=nums.num)");
  END IF;
END IF;

IF (BeginTime is not null and BeginTime <> "") or (EndTime is not null and EndTime <> "") then 
  SET w=CONCAT(w," and gcsj_1 like'",BeginTime,"%' and gcsj_2 like'",EndTime,"%'");
END IF;

IF speed is not null and speed <> "" then
  SET w=CONCAT(w," and speed>",speed);
END IF;
SET @sw=CONCAT(s,w);
PREPARE stmt FROM @sw;
EXECUTE stmt;
END
;;
DELIMITER ;
